EquipmentID,EquipmentCategory,BonusType,Rarity,AttributeBaseInc,AttributeBaseMult,AttributeBaseAmount,AttributeExp1,AttributeExp2,AttributeExpBase,EquipmentSource,LimitedTime,EquipmentSet,54,189,444,1163,3198,5834,12495,22913,35250,56804,90424
Aura_Dizzy,Aura,HelmetBoost,1,0.0025,1.0,1,0.9,0.58,1.145,Default,FALSE,None,1.10,1.32,1.86,10.86,5.51E+03,2.43E+06,2.39E+11,1.87E+17,8.16E+22,1.11E+31,2.88E+41
Aura_GroundLightning,Aura,HelmetBoost,1,0.0028,1.1,1,0.9,0.58,1.145,Default,FALSE,None,1.11,1.35,1.95,11.85,6.06E+03,2.68E+06,2.63E+11,2.05E+17,8.97E+22,1.22E+31,3.17E+41
Aura_Colors,Aura,HelmetBoost,1,0.0030,1.2,1,0.9,0.58,1.145,Default,FALSE,None,1.12,1.39,2.04,12.83,6.61E+03,2.92E+06,2.87E+11,2.24E+17,9.79E+22,1.33E+31,3.46E+41
Aura_LightBeams,Aura,HelmetBoost,1,0.0033,1.3,1,0.9,0.58,1.145,Default,FALSE,None,1.13,1.42,2.12,13.82,7.16E+03,3.16E+06,3.11E+11,2.43E+17,1.06E+23,1.44E+31,3.75E+41
Aura_Water,Aura,HelmetBoost,2,0.0075,1.0,2,0.9,0.58,1.145,Default,FALSE,None,2.30,2.97,4.59,31.58,1.65E+04,7.30E+06,7.17E+11,5.60E+17,2.45E+23,3.33E+31,8.65E+41
Aura_Orbs,Aura,HelmetBoost,2,0.0083,1.1,2,0.9,0.58,1.145,Default,FALSE,None,2.33,3.06,4.85,34.54,1.82E+04,8.03E+06,7.89E+11,6.16E+17,2.69E+23,3.67E+31,9.51E+41
Aura_Cyborg,Aura,HelmetBoost,2,0.0090,1.2,2,0.9,0.58,1.145,Default,FALSE,Cyborg,2.36,3.16,5.11,37.50,1.98E+04,8.76E+06,8.61E+11,6.72E+17,2.94E+23,4.00E+31,1.04E+42
Aura_Knight,Aura,HelmetBoost,2,0.0098,1.3,2,0.9,0.58,1.145,Default,FALSE,Knight,2.39,3.26,5.36,40.45,2.15E+04,9.49E+06,9.32E+11,7.28E+17,3.18E+23,4.33E+31,1.12E+42
Aura_Bats,Aura,HelmetBoost,3,0.0300,1.0,5,0.9,0.58,1.145,Default,FALSE,None,6.21,8.87,15.35,123.32,6.61E+04,2.92E+07,2.87E+12,2.24E+18,9.79E+23,1.33E+32,3.46E+42
Aura_GoldenRays,Aura,HelmetBoost,3,0.0330,1.1,5,0.9,0.58,1.145,Default,FALSE,Anniversary,6.33,9.26,16.39,135.15,7.27E+04,3.21E+07,3.16E+12,2.46E+18,1.08E+24,1.47E+32,3.81E+42
Aura_Wolf,Aura,HelmetBoost,3,0.0360,1.2,5,0.9,0.58,1.145,Default,FALSE,Wolf,6.46,9.64,17.42,146.99,7.93E+04,3.50E+07,3.44E+12,2.69E+18,1.17E+24,1.60E+32,4.15E+42
Aura_Wonder,Aura,HelmetBoost,3,0.0390,1.3,5,0.9,0.58,1.145,Default,FALSE,Wonder,6.58,10.03,18.46,158.82,8.59E+04,3.80E+07,3.73E+12,2.91E+18,1.27E+24,1.73E+32,4.50E+42
Aura_Titan,Aura,HelmetBoost,3,0.0420,1.4,5,0.9,0.58,1.145,Default,FALSE,Titan,6.70,10.42,19.49,170.65,9.25E+04,4.09E+07,4.02E+12,3.14E+18,1.37E+24,1.87E+32,4.84E+42
Aura_Monk,Aura,HelmetBoost,3,0.0450,1.5,5,0.9,0.58,1.145,Default,FALSE,Monk,6.82,10.80,20.53,182.48,9.91E+04,4.38E+07,4.30E+12,3.36E+18,1.47E+24,2.00E+32,5.19E+42
Aura_BoneTribe,Aura,HelmetBoost,4,0.1500,1.0,20,0.9,0.58,1.145,Default,FALSE,BoneTribe,26.07,39.34,71.76,611.61,3.30E+05,1.46E+08,1.43E+13,1.12E+19,4.89E+24,6.67E+32,1.73E+43
Aura_Samurai,Aura,HelmetBoost,4,0.1800,1.2,20,0.9,0.58,1.145,Default,FALSE,Samurai,27.28,43.21,82.11,729.93,3.97E+05,1.75E+08,1.72E+13,1.34E+19,5.87E+24,8.00E+32,2.08E+43
Aura_Lightning,Aura,SwordBoost,1,0.0020,1.0,1,0.9,0.58,1.140,Default,FALSE,None,1.08,1.25,1.66,7.33,2.75E+03,9.97E+05,6.76E+10,3.40E+16,9.77E+21,7.27E+29,8.69E+39
Aura_Diamonds,Aura,SwordBoost,1,0.0022,1.1,1,0.9,0.58,1.140,Default,FALSE,None,1.09,1.28,1.73,7.97,3.03E+03,1.10E+06,7.43E+10,3.74E+16,1.07E+22,7.99E+29,9.55E+39
Aura_Star,Aura,SwordBoost,1,0.0024,1.2,1,0.9,0.58,1.140,Default,FALSE,None,1.10,1.31,1.79,8.60,3.30E+03,1.20E+06,8.11E+10,4.08E+16,1.17E+22,8.72E+29,1.04E+40
Aura_Travel,Aura,SwordBoost,1,0.0026,1.3,1,0.9,0.58,1.140,Default,FALSE,None,1.10,1.33,1.86,9.23,3.58E+03,1.30E+06,8.78E+10,4.42E+16,1.27E+22,9.45E+29,1.13E+40
Aura_Bird,Aura,SwordBoost,2,0.0060,1.0,2,0.9,0.58,1.140,Default,FALSE,None,2.24,2.76,3.98,21.00,8.25E+03,2.99E+06,2.03E+11,1.02E+17,2.93E+22,2.18E+30,2.61E+40
Aura_BlackEnergy,Aura,SwordBoost,2,0.0066,1.1,2,0.9,0.58,1.140,Default,FALSE,None,2.27,2.84,4.18,22.90,9.07E+03,3.29E+06,2.23E+11,1.12E+17,3.22E+22,2.40E+30,2.87E+40
Aura_Ghost,Aura,SwordBoost,2,0.0072,1.2,2,0.9,0.58,1.140,Default,FALSE,Ghost,2.29,2.92,4.38,24.79,9.90E+03,3.59E+06,2.43E+11,1.23E+17,3.52E+22,2.62E+30,3.13E+40
Aura_Viking,Aura,SwordBoost,2,0.0078,1.3,2,0.9,0.58,1.140,Default,FALSE,Viking,2.31,2.99,4.58,26.69,1.07E+04,3.89E+06,2.64E+11,1.33E+17,3.81E+22,2.83E+30,3.39E+40
Aura_Bones,Aura,SwordBoost,3,0.0240,1.0,5,0.9,0.58,1.140,Default,FALSE,None,5.97,8.06,12.93,80.98,3.30E+04,1.20E+07,8.11E+11,4.08E+17,1.17E+23,8.72E+30,1.04E+41
Aura_Wind,Aura,SwordBoost,3,0.0264,1.1,5,0.9,0.58,1.140,Default,FALSE,None,6.06,8.37,13.73,88.58,3.63E+04,1.32E+07,8.92E+11,4.49E+17,1.29E+23,9.59E+30,1.15E+41
Aura_Kookie,Aura,SwordBoost,3,0.0288,1.2,5,0.9,0.58,1.140,Default,FALSE,None,6.16,8.67,14.52,96.18,3.96E+04,1.44E+07,9.73E+11,4.90E+17,1.41E+23,1.05E+31,1.25E+41
Aura_Dragon,Aura,SwordBoost,3,0.0312,1.3,5,0.9,0.58,1.140,Default,FALSE,Dragon,6.26,8.98,15.31,103.78,4.29E+04,1.56E+07,1.05E+12,5.31E+17,1.52E+23,1.13E+31,1.35E+41
Aura_Captain,Aura,SwordBoost,3,0.0336,1.4,5,0.9,0.58,1.140,Default,FALSE,Captain,6.35,9.28,16.11,111.38,4.62E+04,1.68E+07,1.14E+12,5.72E+17,1.64E+23,1.22E+31,1.46E+41
Aura_Fur,Aura,SwordBoost,3,0.0360,1.5,5,0.9,0.58,1.140,Default,FALSE,Fur,6.45,9.59,16.90,118.97,4.95E+04,1.80E+07,1.22E+12,6.13E+17,1.76E+23,1.31E+31,1.56E+41
Aura_Platinum,Aura,SwordBoost,3,0.0384,1.6,5,0.9,0.58,1.140,Default,FALSE,Platinum,6.55,9.89,17.69,126.57,5.28E+04,1.91E+07,1.30E+12,6.53E+17,1.88E+23,1.40E+31,1.67E+41
Aura_Zeus,Aura,SwordBoost,3,0.0408,1.7,5,0.9,0.58,1.140,Default,FALSE,Zeus,6.64,10.20,18.49,134.17,5.61E+04,2.03E+07,1.38E+12,6.94E+17,1.99E+23,1.48E+31,1.77E+41
Aura_HighTecLightning,Aura,SwordBoost,4,0.1200,1.0,20,0.9,0.58,1.140,Default,FALSE,HighTecLightning,24.83,35.30,59.67,399.91,1.65E+05,5.98E+07,4.05E+12,2.04E+18,5.86E+23,4.36E+31,5.21E+41
Aura_DarkAlien,Aura,SwordBoost,4,0.1440,1.2,20,0.9,0.58,1.140,Default,FALSE,DarkAlien,25.80,38.36,67.60,475.90,1.98E+05,7.18E+07,4.87E+12,2.45E+18,7.03E+23,5.23E+31,6.25E+41
Aura_Bugs,Aura,SlashBoost,1,0.0015,1.0,1,0.9,0.58,1.140,Default,FALSE,None,1.06,1.19,1.50,5.75,2.06E+03,7.48E+05,5.07E+10,2.55E+16,7.33E+21,5.45E+29,6.51E+39
Aura_Embers,Aura,SlashBoost,1,0.0017,1.1,1,0.9,0.58,1.140,Default,FALSE,None,1.07,1.21,1.55,6.22,2.27E+03,8.23E+05,5.57E+10,2.81E+16,8.06E+21,6.00E+29,7.17E+39
Aura_Sparks,Aura,SlashBoost,1,0.0018,1.2,1,0.9,0.58,1.140,Default,FALSE,None,1.07,1.23,1.60,6.70,2.48E+03,8.98E+05,6.08E+10,3.06E+16,8.79E+21,6.54E+29,7.82E+39
Aura_Leaves,Aura,SlashBoost,2,0.0045,1.0,2,0.9,0.58,1.140,Default,FALSE,None,2.18,2.57,3.49,16.25,6.19E+03,2.24E+06,1.52E+11,7.66E+16,2.20E+22,1.64E+30,1.95E+40
Aura_Fire,Aura,SlashBoost,2,0.0050,1.1,2,0.9,0.58,1.140,Default,FALSE,None,2.20,2.63,3.64,17.67,6.81E+03,2.47E+06,1.67E+11,8.42E+16,2.42E+22,1.80E+30,2.15E+40
Aura_Crow,Aura,SlashBoost,2,0.0054,1.2,2,0.9,0.58,1.140,Default,FALSE,Crow,2.22,2.69,3.79,19.10,7.43E+03,2.69E+06,1.82E+11,9.19E+16,2.64E+22,1.96E+30,2.35E+40
Aura_Bishop,Aura,SlashBoost,2,0.0059,1.3,2,0.9,0.58,1.140,Default,FALSE,Bishop,2.24,2.75,3.93,20.52,8.04E+03,2.92E+06,1.98E+11,9.95E+16,2.86E+22,2.13E+30,2.54E+40
Aura_Cards,Aura,SlashBoost,3,0.0180,1.0,5,0.9,0.58,1.140,Default,FALSE,None,5.72,7.29,10.95,61.99,2.47E+04,8.98E+06,6.08E+11,3.06E+17,8.79E+22,6.54E+30,7.82E+40
Aura_Ice,Aura,SlashBoost,3,0.0198,1.1,5,0.9,0.58,1.140,Default,FALSE,None,5.80,7.52,11.55,67.69,2.72E+04,9.87E+06,6.69E+11,3.37E+17,9.67E+22,7.19E+30,8.60E+40
Aura_Fireworks,Aura,SlashBoost,3,0.0216,1.2,5,0.9,0.58,1.140,Default,FALSE,None,5.87,7.75,12.14,73.38,2.97E+04,1.08E+07,7.30E+11,3.68E+17,1.06E+23,7.85E+30,9.38E+40
Aura_Green,Aura,SlashBoost,3,0.0234,1.3,5,0.9,0.58,1.140,Default,FALSE,Green,5.94,7.98,12.74,79.08,3.22E+04,1.17E+07,7.91E+11,3.98E+17,1.14E+23,8.50E+30,1.02E+41
Aura_Chains,Aura,SlashBoost,3,0.0252,1.4,5,0.9,0.58,1.140,Default,FALSE,Chains,6.01,8.21,13.33,84.78,3.46E+04,1.26E+07,8.51E+11,4.29E+17,1.23E+23,9.16E+30,1.09E+41
Aura_Mage,Aura,SlashBoost,3,0.0270,1.5,5,0.9,0.58,1.140,Default,FALSE,Mage,6.09,8.44,13.93,90.48,3.71E+04,1.35E+07,9.12E+11,4.59E+17,1.32E+23,9.81E+30,1.17E+41
Aura_Thief,Aura,SlashBoost,3,0.0288,1.6,5,0.9,0.58,1.140,Default,FALSE,Thief,6.16,8.67,14.52,96.18,3.96E+04,1.44E+07,9.73E+11,4.90E+17,1.41E+23,1.05E+31,1.25E+41
Aura_Pirate,Aura,SlashBoost,4,0.0900,1.0,20,0.9,0.58,1.140,Default,FALSE,Pirate,23.62,31.47,49.75,304.94,1.24E+05,4.49E+07,3.04E+12,1.53E+18,4.40E+23,3.27E+31,3.91E+41
Aura_Skulls,Aura,SlashBoost,4,0.1080,1.2,20,0.9,0.58,1.140,Default,FALSE,Skulls,24.35,33.77,55.70,361.92,1.48E+05,5.39E+07,3.65E+12,1.84E+18,5.28E+23,3.92E+31,4.69E+41
Aura_Mech,Aura,SlashBoost,4,0.1260,1.4,20,0.9,0.58,1.140,Default,FALSE,Mech,25.07,36.06,61.65,418.91,1.73E+05,6.28E+07,4.26E+12,2.14E+18,6.16E+23,4.58E+31,5.47E+41
Hat_Cat,Hat,RangedHelperDamage,1,0.0220,1.0,1,0.9,0.58,1.145,Default,FALSE,None,1.89,3.84,8.59,87.77,4.85E+04,2.14E+07,2.10E+12,1.64E+18,7.18E+23,9.78E+31,2.54E+42
Hat_HelmTall,Hat,RangedHelperDamage,1,0.0242,1.1,1,0.9,0.58,1.145,Default,FALSE,None,1.98,4.12,9.35,96.45,5.33E+04,2.36E+07,2.31E+12,1.81E+18,7.89E+23,1.08E+32,2.79E+42
Hat_Ice,Hat,RangedHelperDamage,1,0.0264,1.2,1,0.9,0.58,1.145,Default,FALSE,None,2.07,4.40,10.11,105.12,5.82E+04,2.57E+07,2.52E+12,1.97E+18,8.61E+23,1.17E+32,3.04E+42
Hat_HelmWhite,Hat,RangedHelperDamage,1,0.0286,1.3,1,0.9,0.58,1.145,Default,FALSE,None,2.16,4.69,10.87,113.80,6.30E+04,2.78E+07,2.74E+12,2.14E+18,9.33E+23,1.27E+32,3.30E+42
Hat_HelmDevil,Hat,RangedHelperDamage,2,0.0660,1.0,2,0.9,0.58,1.145,Default,FALSE,None,4.67,10.51,24.77,262.31,1.45E+05,6.42E+07,6.31E+12,4.93E+18,2.15E+24,2.93E+32,7.61E+42
Hat_Ears,Hat,RangedHelperDamage,2,0.0726,1.1,2,0.9,0.58,1.145,Default,FALSE,None,4.94,11.36,27.05,288.34,1.60E+05,7.07E+07,6.94E+12,5.42E+18,2.37E+24,3.23E+32,8.37E+42
Hat_Viking,Hat,RangedHelperDamage,2,0.0792,1.2,2,0.9,0.58,1.145,Default,FALSE,Viking,5.20,12.21,29.33,314.37,1.74E+05,7.71E+07,7.57E+12,5.91E+18,2.58E+24,3.52E+32,9.13E+42
Hat_MadHatter,Hat,RangedHelperDamage,3,0.2640,1.0,5,0.9,0.58,1.145,Default,FALSE,None,15.67,39.05,96.09,1046.23,5.82E+05,2.57E+08,2.52E+13,1.97E+19,8.61E+24,1.17E+33,3.04E+43
Hat_Indie,Hat,RangedHelperDamage,3,0.2904,1.1,5,0.9,0.58,1.145,Default,FALSE,None,16.74,42.45,105.20,1150.35,6.40E+05,2.83E+08,2.78E+13,2.17E+19,9.47E+24,1.29E+33,3.35E+43
Hat_Green,Hat,RangedHelperDamage,3,0.3168,1.2,5,0.9,0.58,1.145,Default,FALSE,Green,17.81,45.85,114.31,1254.47,6.98E+05,3.08E+08,3.03E+13,2.37E+19,1.03E+25,1.41E+33,3.65E+43
Hat_Wonder,Hat,RangedHelperDamage,3,0.3432,1.3,5,0.9,0.58,1.145,Default,FALSE,Wonder,18.88,49.26,123.42,1358.59,7.56E+05,3.34E+08,3.28E+13,2.56E+19,1.12E+25,1.53E+33,3.96E+43
Hat_Titan,Hat,RangedHelperDamage,3,0.3696,1.4,5,0.9,0.58,1.145,Default,FALSE,Titan,19.94,52.66,132.53,1462.72,8.14E+05,3.60E+08,3.53E+13,2.76E+19,1.21E+25,1.64E+33,4.26E+43
Hat_Zeus,Hat,RangedHelperDamage,3,0.3960,1.5,5,0.9,0.58,1.145,Default,FALSE,Zeus,21.01,56.07,141.64,1566.84,8.72E+05,3.85E+08,3.79E+13,2.96E+19,1.29E+25,1.76E+33,4.57E+43
Hat_DarkAlien,Hat,RangedHelperDamage,4,1.3200,1.0,20,0.9,0.58,1.145,Default,FALSE,DarkAlien,73.37,190.23,475.47,5226.13,2.91E+06,1.28E+09,1.26E+14,9.86E+19,4.31E+25,5.87E+33,1.52E+44
Hat_Mech,Hat,RangedHelperDamage,4,1.5840,1.2,20,0.9,0.58,1.145,Default,FALSE,Mech,84.05,224.27,566.56,6267.36,3.49E+06,1.54E+09,1.51E+14,1.18E+20,5.17E+25,7.04E+33,1.83E+44
Hat_KickAss,Hat,MeleeHelperDamage,1,0.0220,1.0,1,0.9,0.58,1.145,Default,FALSE,None,1.89,3.84,8.59,87.77,4.85E+04,2.14E+07,2.10E+12,1.64E+18,7.18E+23,9.78E+31,2.54E+42
Hat_BatGrey,Hat,MeleeHelperDamage,1,0.0242,1.1,1,0.9,0.58,1.145,Default,FALSE,None,1.98,4.12,9.35,96.45,5.33E+04,2.36E+07,2.31E+12,1.81E+18,7.89E+23,1.08E+32,2.79E+42
Hat_HelmHorned,Hat,MeleeHelperDamage,1,0.0264,1.2,1,0.9,0.58,1.145,Default,FALSE,None,2.07,4.40,10.11,105.12,5.82E+04,2.57E+07,2.52E+12,1.97E+18,8.61E+23,1.17E+32,3.04E+42
Hat_Travel,Hat,MeleeHelperDamage,1,0.0286,1.3,1,0.9,0.58,1.145,Default,FALSE,None,2.16,4.69,10.87,113.80,6.30E+04,2.78E+07,2.74E+12,2.14E+18,9.33E+23,1.27E+32,3.30E+42
Hat_Robot,Hat,MeleeHelperDamage,2,0.0660,1.0,2,0.9,0.58,1.145,Default,FALSE,Cyborg,4.67,10.51,24.77,262.31,1.45E+05,6.42E+07,6.31E+12,4.93E+18,2.15E+24,2.93E+32,7.61E+42
Hat_Took,Hat,MeleeHelperDamage,2,0.0726,1.1,2,0.9,0.58,1.145,Default,FALSE,None,4.94,11.36,27.05,288.34,1.60E+05,7.07E+07,6.94E+12,5.42E+18,2.37E+24,3.23E+32,8.37E+42
Hat_Tribal,Hat,MeleeHelperDamage,2,0.0792,1.2,2,0.9,0.58,1.145,Default,FALSE,None,5.20,12.21,29.33,314.37,1.74E+05,7.71E+07,7.57E+12,5.91E+18,2.58E+24,3.52E+32,9.13E+42
Hat_Knight,Hat,MeleeHelperDamage,2,0.0858,1.3,2,0.9,0.58,1.145,Default,FALSE,Knight,5.47,13.06,31.61,340.40,1.89E+05,8.35E+07,8.21E+12,6.41E+18,2.80E+24,3.81E+32,9.89E+42
Hat_Transformer,Hat,MeleeHelperDamage,3,0.2640,1.0,5,0.9,0.58,1.145,Default,FALSE,None,15.67,39.05,96.09,1046.23,5.82E+05,2.57E+08,2.52E+13,1.97E+19,8.61E+24,1.17E+33,3.04E+43
Hat_Chicken,Hat,MeleeHelperDamage,3,0.2904,1.1,5,0.9,0.58,1.145,Default,FALSE,None,16.74,42.45,105.20,1150.35,6.40E+05,2.83E+08,2.78E+13,2.17E+19,9.47E+24,1.29E+33,3.35E+43
Hat_Gold,Hat,MeleeHelperDamage,3,0.3168,1.2,5,0.9,0.58,1.145,Default,FALSE,Anniversary,17.81,45.85,114.31,1254.47,6.98E+05,3.08E+08,3.03E+13,2.37E+19,1.03E+25,1.41E+33,3.65E+43
Hat_Captain,Hat,MeleeHelperDamage,3,0.3432,1.3,5,0.9,0.58,1.145,Default,FALSE,Captain,18.88,49.26,123.42,1358.59,7.56E+05,3.34E+08,3.28E+13,2.56E+19,1.12E+25,1.53E+33,3.96E+43
Hat_Platinum,Hat,MeleeHelperDamage,3,0.3696,1.4,5,0.9,0.58,1.145,Default,FALSE,Platinum,19.94,52.66,132.53,1462.72,8.14E+05,3.60E+08,3.53E+13,2.76E+19,1.21E+25,1.64E+33,4.26E+43
Hat_Monk,Hat,MeleeHelperDamage,3,0.3960,1.5,5,0.9,0.58,1.145,Default,FALSE,Monk,21.01,56.07,141.64,1566.84,8.72E+05,3.85E+08,3.79E+13,2.96E+19,1.29E+25,1.76E+33,4.57E+43
Hat_BoneTribe,Hat,MeleeHelperDamage,4,1.3200,1.0,20,0.9,0.58,1.145,Default,FALSE,BoneTribe,73.37,190.23,475.47,5226.13,2.91E+06,1.28E+09,1.26E+14,9.86E+19,4.31E+25,5.87E+33,1.52E+44
Hat_Samurai,Hat,MeleeHelperDamage,4,1.5840,1.2,20,0.9,0.58,1.145,Default,FALSE,Samurai,84.05,224.27,566.56,6267.36,3.49E+06,1.54E+09,1.51E+14,1.18E+20,5.17E+25,7.04E+33,1.83E+44
Hat_BatRed,Hat,SpellHelperDamage,1,0.0220,1.0,1,0.9,0.58,1.145,Default,FALSE,None,1.89,3.84,8.59,87.77,4.85E+04,2.14E+07,2.10E+12,1.64E+18,7.18E+23,9.78E+31,2.54E+42
Hat_Cap,Hat,SpellHelperDamage,1,0.0242,1.1,1,0.9,0.58,1.145,Default,FALSE,None,1.98,4.12,9.35,96.45,5.33E+04,2.36E+07,2.31E+12,1.81E+18,7.89E+23,1.08E+32,2.79E+42
Hat_Music,Hat,SpellHelperDamage,1,0.0264,1.2,1,0.9,0.58,1.145,Default,FALSE,None,2.07,4.40,10.11,105.12,5.82E+04,2.57E+07,2.52E+12,1.97E+18,8.61E+23,1.17E+32,3.04E+42
Hat_Wizard,Hat,SpellHelperDamage,1,0.0286,1.3,1,0.9,0.58,1.145,Default,FALSE,None,2.16,4.69,10.87,113.80,6.30E+04,2.78E+07,2.74E+12,2.14E+18,9.33E+23,1.27E+32,3.30E+42
Hat_Top,Hat,SpellHelperDamage,2,0.0660,1.0,2,0.9,0.58,1.145,Default,FALSE,None,4.67,10.51,24.77,262.31,1.45E+05,6.42E+07,6.31E+12,4.93E+18,2.15E+24,2.93E+32,7.61E+42
Hat_RedTopHat,Hat,SpellHelperDamage,2,0.0726,1.1,2,0.9,0.58,1.145,Default,FALSE,None,4.94,11.36,27.05,288.34,1.60E+05,7.07E+07,6.94E+12,5.42E+18,2.37E+24,3.23E+32,8.37E+42
Hat_Ghost,Hat,SpellHelperDamage,2,0.0792,1.2,2,0.9,0.58,1.145,Default,FALSE,Ghost,5.20,12.21,29.33,314.37,1.74E+05,7.71E+07,7.57E+12,5.91E+18,2.58E+24,3.52E+32,9.13E+42
Hat_Bishop,Hat,SpellHelperDamage,2,0.0858,1.3,2,0.9,0.58,1.145,Default,FALSE,Bishop,5.47,13.06,31.61,340.40,1.89E+05,8.35E+07,8.21E+12,6.41E+18,2.80E+24,3.81E+32,9.89E+42
Hat_Link,Hat,SpellHelperDamage,3,0.2640,1.0,5,0.9,0.58,1.145,Default,FALSE,None,15.67,39.05,96.09,1046.23,5.82E+05,2.57E+08,2.52E+13,1.97E+19,8.61E+24,1.17E+33,3.04E+43
Hat_Ninja,Hat,SpellHelperDamage,3,0.2904,1.1,5,0.9,0.58,1.145,Default,FALSE,None,16.74,42.45,105.20,1150.35,6.40E+05,2.83E+08,2.78E+13,2.17E+19,9.47E+24,1.29E+33,3.35E+43
Hat_Dragon,Hat,SpellHelperDamage,3,0.3168,1.2,5,0.9,0.58,1.145,Default,FALSE,Dragon,17.81,45.85,114.31,1254.47,6.98E+05,3.08E+08,3.03E+13,2.37E+19,1.03E+25,1.41E+33,3.65E+43
Hat_Wolf,Hat,SpellHelperDamage,3,0.3432,1.3,5,0.9,0.58,1.145,Default,FALSE,Wolf,18.88,49.26,123.42,1358.59,7.56E+05,3.34E+08,3.28E+13,2.56E+19,1.12E+25,1.53E+33,3.96E+43
Hat_Fur,Hat,SpellHelperDamage,3,0.3696,1.4,5,0.9,0.58,1.145,Default,FALSE,Fur,19.94,52.66,132.53,1462.72,8.14E+05,3.60E+08,3.53E+13,2.76E+19,1.21E+25,1.64E+33,4.26E+43
Hat_Mage,Hat,SpellHelperDamage,3,0.3960,1.5,5,0.9,0.58,1.145,Default,FALSE,Mage,21.01,56.07,141.64,1566.84,8.72E+05,3.85E+08,3.79E+13,2.96E+19,1.29E+25,1.76E+33,4.57E+43
Hat_Pirate,Hat,SpellHelperDamage,4,1.3200,1.0,20,0.9,0.58,1.145,Default,FALSE,Pirate,73.37,190.23,475.47,5226.13,2.91E+06,1.28E+09,1.26E+14,9.86E+19,4.31E+25,5.87E+33,1.52E+44
Hat_Halo,Hat,SwordAttackDamage,1,0.0100,1.0,1,0.9,0.58,1.140,Default,FALSE,None,1.40,2.27,4.31,32.66,1.37E+04,4.99E+06,3.38E+11,1.70E+17,4.89E+22,3.63E+30,4.34E+40
Hat_Kid,Hat,SwordAttackDamage,1,0.0110,1.1,1,0.9,0.58,1.140,Default,FALSE,None,1.44,2.40,4.64,35.83,1.51E+04,5.48E+06,3.72E+11,1.87E+17,5.37E+22,4.00E+30,4.78E+40
Hat_Kitty,Hat,SwordAttackDamage,1,0.0120,1.2,1,0.9,0.58,1.140,Default,FALSE,None,1.48,2.53,4.97,38.99,1.65E+04,5.98E+06,4.05E+11,2.04E+17,5.86E+22,4.36E+30,5.21E+40
Hat_Ribbon,Hat,SwordAttackDamage,1,0.0130,1.3,1,0.9,0.58,1.140,Default,FALSE,None,1.52,2.66,5.30,42.16,1.79E+04,6.48E+06,4.39E+11,2.21E+17,6.35E+22,4.72E+30,5.65E+40
Hat_HeadPhones,Hat,SwordAttackDamage,2,0.0300,1.0,2,0.9,0.58,1.140,Default,FALSE,None,3.21,5.82,11.92,96.98,4.12E+04,1.50E+07,1.01E+12,5.10E+17,1.47E+23,1.09E+31,1.30E+41
Hat_PowerRanger,Hat,SwordAttackDamage,2,0.0330,1.1,2,0.9,0.58,1.140,Default,FALSE,None,3.33,6.21,12.91,106.48,4.54E+04,1.65E+07,1.11E+12,5.61E+17,1.61E+23,1.20E+31,1.43E+41
Hat_Crow,Hat,SwordAttackDamage,2,0.0360,1.2,2,0.9,0.58,1.140,Default,FALSE,Crow,3.45,6.59,13.90,115.97,4.95E+04,1.80E+07,1.22E+12,6.13E+17,1.76E+23,1.31E+31,1.56E+41
Hat_Mega,Hat,SwordAttackDamage,3,0.1200,1.0,5,0.9,0.58,1.140,Default,FALSE,None,9.83,20.30,44.67,384.91,1.65E+05,5.98E+07,4.05E+12,2.04E+18,5.86E+23,4.36E+31,5.21E+41
Hat_Ironman,Hat,SwordAttackDamage,3,0.1320,1.1,5,0.9,0.58,1.140,Default,FALSE,None,10.31,21.83,48.63,422.91,1.81E+05,6.58E+07,4.46E+12,2.25E+18,6.45E+23,4.80E+31,5.73E+41
Hat_Bag,Hat,SwordAttackDamage,3,0.1440,1.2,5,0.9,0.58,1.140,Default,FALSE,None,10.80,23.36,52.60,460.90,1.98E+05,7.18E+07,4.87E+12,2.45E+18,7.03E+23,5.23E+31,6.25E+41
Hat_Chains,Hat,SwordAttackDamage,3,0.1560,1.3,5,0.9,0.58,1.140,Default,FALSE,Chains,11.28,24.89,56.57,498.89,2.14E+05,7.78E+07,5.27E+12,2.65E+18,7.62E+23,5.67E+31,6.77E+41
Hat_Thief,Hat,SwordAttackDamage,3,0.1680,1.4,5,0.9,0.58,1.140,Default,FALSE,Thief,11.76,26.42,60.54,536.88,2.31E+05,8.38E+07,5.68E+12,2.86E+18,8.21E+23,6.10E+31,7.30E+41
Hat_HighTecLightning,Hat,SwordAttackDamage,4,0.6000,1.0,20,0.9,0.58,1.140,Default,FALSE,HighTecLightning,44.16,96.48,218.34,1919.57,8.25E+05,2.99E+08,2.03E+13,1.02E+19,2.93E+24,2.18E+32,2.61E+42
Hat_Skulls,Hat,SwordAttackDamage,4,0.7200,1.2,20,0.9,0.58,1.140,Default,FALSE,Skulls,48.99,111.78,258.01,2299.49,9.90E+05,3.59E+08,2.43E+13,1.23E+19,3.52E+24,2.62E+32,3.13E+42
Slash_FireOrange,Slash,ClanShipDamage,1,0.0110,1.0,1,0.9,0.58,1.140,Default,FALSE,None,1.44,2.40,4.64,35.83,1.51E+04,5.48E+06,3.72E+11,1.87E+17,5.37E+22,4.00E+30,4.78E+40
Slash_Embers,Slash,ClanShipDamage,1,0.0121,1.1,1,0.9,0.58,1.140,Default,FALSE,None,1.49,2.54,5.00,39.31,1.66E+04,6.03E+06,4.09E+11,2.06E+17,5.91E+22,4.40E+30,5.25E+40
Slash_DeepPurple,Slash,ClanShipDamage,1,0.0132,1.2,1,0.9,0.58,1.140,Default,FALSE,None,1.53,2.68,5.36,42.79,1.81E+04,6.58E+06,4.46E+11,2.25E+17,6.45E+22,4.80E+30,5.73E+40
Slash_Lava,Slash,ClanShipDamage,2,0.0330,1.0,2,0.9,0.58,1.140,Default,FALSE,None,3.33,6.21,12.91,106.48,4.54E+04,1.65E+07,1.11E+12,5.61E+17,1.61E+23,1.20E+31,1.43E+41
Slash_OrangeTribe,Slash,ClanShipDamage,2,0.0363,1.1,2,0.9,0.58,1.140,Default,FALSE,None,3.46,6.63,14.00,116.92,4.99E+04,1.81E+07,1.23E+12,6.18E+17,1.77E+23,1.32E+31,1.58E+41
Slash_Lightning,Slash,ClanShipDamage,2,0.0396,1.2,2,0.9,0.58,1.140,Default,FALSE,Cyborg,3.59,7.05,15.09,127.37,5.44E+04,1.97E+07,1.34E+12,6.74E+17,1.93E+23,1.44E+31,1.72E+41
Slash_StarsBlue,Slash,ClanShipDamage,3,0.1320,1.0,5,0.9,0.58,1.140,Default,FALSE,None,10.31,21.83,48.63,422.91,1.81E+05,6.58E+07,4.46E+12,2.25E+18,6.45E+23,4.80E+31,5.73E+41
Slash_Fire,Slash,ClanShipDamage,3,0.1452,1.1,5,0.9,0.58,1.140,Default,FALSE,None,10.85,23.51,53.00,464.70,2.00E+05,7.24E+07,4.91E+12,2.47E+18,7.09E+23,5.28E+31,6.31E+41
Slash_Gold,Slash,ClanShipDamage,3,0.1584,1.2,5,0.9,0.58,1.140,Default,FALSE,Anniversary,11.38,25.19,57.36,506.49,2.18E+05,7.90E+07,5.35E+12,2.70E+18,7.74E+23,5.76E+31,6.88E+41
Slash_Wolf,Slash,ClanShipDamage,3,0.1716,1.3,5,0.9,0.58,1.140,Default,FALSE,Wolf,11.91,26.87,61.73,548.28,2.36E+05,8.56E+07,5.80E+12,2.92E+18,8.38E+23,6.24E+31,7.45E+41
Slash_Wonder,Slash,ClanShipDamage,3,0.1848,1.4,5,0.9,0.58,1.140,Default,FALSE,Wonder,12.44,28.56,66.09,590.07,2.54E+05,9.21E+07,6.24E+12,3.14E+18,9.03E+23,6.72E+31,8.03E+41
Slash_Fur,Slash,ClanShipDamage,3,0.1980,1.5,5,0.9,0.58,1.140,Default,FALSE,Fur,12.97,30.24,70.45,631.86,2.72E+05,9.87E+07,6.69E+12,3.37E+18,9.67E+23,7.19E+31,8.60E+41
Slash_Monk,Slash,ClanShipDamage,3,0.2112,1.6,5,0.9,0.58,1.140,Default,FALSE,Monk,13.50,31.92,74.82,673.65,2.90E+05,1.05E+08,7.14E+12,3.59E+18,1.03E+24,7.67E+31,9.17E+41
Slash_BoneTribe,Slash,ClanShipDamage,4,0.6600,1.0,20,0.9,0.58,1.140,Default,FALSE,BoneTribe,46.57,104.13,238.17,2109.53,9.07E+05,3.29E+08,2.23E+13,1.12E+19,3.22E+24,2.40E+32,2.87E+42
Slash_Mech,Slash,ClanShipDamage,4,0.7920,1.2,20,0.9,0.58,1.140,Default,FALSE,Mech,51.89,120.96,281.81,2527.44,1.09E+06,3.95E+08,2.68E+13,1.35E+19,3.87E+24,2.88E+32,3.44E+42
Slash_Water,Slash,PetDamage,1,0.0100,1.0,1,0.9,0.58,1.140,Default,FALSE,None,1.40,2.27,4.31,32.66,1.37E+04,4.99E+06,3.38E+11,1.70E+17,4.89E+22,3.63E+30,4.34E+40
Slash_RedPaint,Slash,PetDamage,1,0.0110,1.1,1,0.9,0.58,1.140,Default,FALSE,None,1.44,2.40,4.64,35.83,1.51E+04,5.48E+06,3.72E+11,1.87E+17,5.37E+22,4.00E+30,4.78E+40
Slash_Travel,Slash,PetDamage,1,0.0120,1.2,1,0.9,0.58,1.140,Default,FALSE,None,1.48,2.53,4.97,38.99,1.65E+04,5.98E+06,4.05E+11,2.04E+17,5.86E+22,4.36E+30,5.21E+40
Slash_Leaves,Slash,PetDamage,2,0.0300,1.0,2,0.9,0.58,1.140,Default,FALSE,None,3.21,5.82,11.92,96.98,4.12E+04,1.50E+07,1.01E+12,5.10E+17,1.47E+23,1.09E+31,1.30E+41
Slash_Viking,Slash,PetDamage,2,0.0330,1.1,2,0.9,0.58,1.140,Default,FALSE,Viking,3.33,6.21,12.91,106.48,4.54E+04,1.65E+07,1.11E+12,5.61E+17,1.61E+23,1.20E+31,1.43E+41
Slash_Knight,Slash,PetDamage,2,0.0360,1.2,2,0.9,0.58,1.140,Default,FALSE,Knight,3.45,6.59,13.90,115.97,4.95E+04,1.80E+07,1.22E+12,6.13E+17,1.76E+23,1.31E+31,1.56E+41
Slash_FireBlack,Slash,PetDamage,3,0.1200,1.0,5,0.9,0.58,1.140,Default,FALSE,None,9.83,20.30,44.67,384.91,1.65E+05,5.98E+07,4.05E+12,2.04E+18,5.86E+23,4.36E+31,5.21E+41
Slash_Smelly,Slash,PetDamage,3,0.1320,1.1,5,0.9,0.58,1.140,Default,FALSE,None,10.31,21.83,48.63,422.91,1.81E+05,6.58E+07,4.46E+12,2.25E+18,6.45E+23,4.80E+31,5.73E+41
Slash_Green,Slash,PetDamage,3,0.1440,1.2,5,0.9,0.58,1.140,Default,FALSE,Green,10.80,23.36,52.60,460.90,1.98E+05,7.18E+07,4.87E+12,2.45E+18,7.03E+23,5.23E+31,6.25E+41
Slash_Captain,Slash,PetDamage,3,0.1560,1.3,5,0.9,0.58,1.140,Default,FALSE,Captain,11.28,24.89,56.57,498.89,2.14E+05,7.78E+07,5.27E+12,2.65E+18,7.62E+23,5.67E+31,6.77E+41
Slash_Titan,Slash,PetDamage,3,0.1680,1.4,5,0.9,0.58,1.140,Default,FALSE,Titan,11.76,26.42,60.54,536.88,2.31E+05,8.38E+07,5.68E+12,2.86E+18,8.21E+23,6.10E+31,7.30E+41
Slash_DarkAlien,Slash,PetDamage,4,0.6000,1.0,20,0.9,0.58,1.140,Default,FALSE,DarkAlien,44.16,96.48,218.34,1919.57,8.25E+05,2.99E+08,2.03E+13,1.02E+19,2.93E+24,2.18E+32,2.61E+42
Slash_Samurai,Slash,PetDamage,4,0.7200,1.2,20,0.9,0.58,1.140,Default,FALSE,Samurai,48.99,111.78,258.01,2299.49,9.90E+05,3.59E+08,2.43E+13,1.23E+19,3.52E+24,2.62E+32,3.13E+42
Slash_Paint,Slash,ShadowCloneSkillAmount,1,0.0070,1.0,1,0.9,0.58,1.140,Default,FALSE,None,1.28,1.89,3.31,23.16,9.62E+03,3.49E+06,2.37E+11,1.19E+17,3.42E+22,2.54E+30,3.04E+40
Slash_Darkness,Slash,ShadowCloneSkillAmount,1,0.0077,1.1,1,0.9,0.58,1.140,Default,FALSE,None,1.31,1.98,3.55,25.38,1.06E+04,3.84E+06,2.60E+11,1.31E+17,3.76E+22,2.80E+30,3.34E+40
Slash_DarkEnergy,Slash,ShadowCloneSkillAmount,1,0.0084,1.2,1,0.9,0.58,1.140,Default,FALSE,None,1.34,2.07,3.78,27.59,1.15E+04,4.19E+06,2.84E+11,1.43E+17,4.10E+22,3.05E+30,3.65E+40
Slash_EmbersBlue,Slash,ShadowCloneSkillAmount,2,0.0210,1.0,2,0.9,0.58,1.140,Default,FALSE,None,2.85,4.68,8.94,68.49,2.89E+04,1.05E+07,7.10E+11,3.57E+17,1.03E+23,7.63E+30,9.12E+40
Slash_Ghost,Slash,ShadowCloneSkillAmount,2,0.0231,1.1,2,0.9,0.58,1.140,Default,FALSE,Ghost,2.93,4.94,9.64,75.13,3.18E+04,1.15E+07,7.80E+11,3.93E+17,1.13E+23,8.39E+30,1.00E+41
Slash_Crow,Slash,ShadowCloneSkillAmount,2,0.0252,1.2,2,0.9,0.58,1.140,Default,FALSE,Crow,3.01,5.21,10.33,81.78,3.46E+04,1.26E+07,8.51E+11,4.29E+17,1.23E+23,9.16E+30,1.09E+41
Slash_Petals,Slash,ShadowCloneSkillAmount,3,0.0840,1.0,5,0.9,0.58,1.140,Default,FALSE,None,8.38,15.71,32.77,270.94,1.15E+05,4.19E+07,2.84E+12,1.43E+18,4.10E+23,3.05E+31,3.65E+41
Slash_MouthWash,Slash,ShadowCloneSkillAmount,3,0.0924,1.1,5,0.9,0.58,1.140,Default,FALSE,None,8.72,16.78,35.54,297.53,1.27E+05,4.61E+07,3.12E+12,1.57E+18,4.51E+23,3.36E+31,4.01E+41
Slash_Chains,Slash,ShadowCloneSkillAmount,3,0.1008,1.2,5,0.9,0.58,1.140,Default,FALSE,Chains,9.06,17.85,38.32,324.13,1.39E+05,5.03E+07,3.41E+12,1.72E+18,4.92E+23,3.66E+31,4.38E+41
Slash_Mage,Slash,ShadowCloneSkillAmount,3,0.1092,1.3,5,0.9,0.58,1.140,Default,FALSE,Mage,9.40,18.92,41.10,350.72,1.50E+05,5.44E+07,3.69E+12,1.86E+18,5.33E+23,3.97E+31,4.74E+41
Slash_Thief,Slash,ShadowCloneSkillAmount,3,0.1176,1.4,5,0.9,0.58,1.140,Default,FALSE,Thief,9.73,19.99,43.87,377.32,1.62E+05,5.86E+07,3.97E+12,2.00E+18,5.75E+23,4.27E+31,5.11E+41
Slash_Pirate,Slash,ShadowCloneSkillAmount,4,0.4200,1.0,20,0.9,0.58,1.140,Default,FALSE,Pirate,36.91,73.54,158.84,1349.70,5.77E+05,2.09E+08,1.42E+13,7.15E+18,2.05E+24,1.53E+32,1.82E+42
Slash_Skulls,Slash,ShadowCloneSkillAmount,4,0.5040,1.2,20,0.9,0.58,1.140,Default,FALSE,Skulls,40.29,84.25,186.61,1615.64,6.93E+05,2.51E+08,1.70E+13,8.58E+18,2.46E+24,1.83E+32,2.19E+42
Slash_FireGray,Slash,BurstDamageSkillAmount,1,0.0050,1.0,1,0.9,0.58,1.150,Default,FALSE,None,1.20,1.65,2.81,25.75,1.76E+04,9.47E+06,1.35E+12,1.63E+18,1.08E+24,2.69E+32,1.51E+43
Slash_Stars,Slash,BurstDamageSkillAmount,1,0.0055,1.1,1,0.9,0.58,1.150,Default,FALSE,None,1.22,1.72,2.99,28.23,1.94E+04,1.04E+07,1.48E+12,1.79E+18,1.19E+24,2.96E+32,1.66E+43
Slash_MagentaPaint,Slash,BurstDamageSkillAmount,1,0.0060,1.2,1,0.9,0.58,1.150,Default,FALSE,None,1.24,1.78,3.17,30.70,2.11E+04,1.14E+07,1.62E+12,1.95E+18,1.30E+24,3.23E+32,1.81E+43
Slash_Rainbow,Slash,BurstDamageSkillAmount,2,0.0150,1.0,2,0.9,0.58,1.150,Default,FALSE,None,2.61,3.96,7.43,76.26,5.29E+04,2.84E+07,4.04E+12,4.88E+18,3.24E+24,8.07E+32,4.53E+43
Slash_Bishop,Slash,BurstDamageSkillAmount,2,0.0165,1.1,2,0.9,0.58,1.150,Default,FALSE,Bishop,2.67,4.15,7.97,83.69,5.81E+04,3.13E+07,4.45E+12,5.37E+18,3.56E+24,8.87E+32,4.98E+43
Slash_Dragon,Slash,BurstDamageSkillAmount,3,0.0600,1.0,5,0.9,0.58,1.150,Default,FALSE,Dragon,7.44,12.83,26.71,302.04,2.11E+05,1.14E+08,1.62E+13,1.95E+19,1.30E+25,3.23E+33,1.81E+44
Slash_Platinum,Slash,BurstDamageSkillAmount,3,0.0660,1.1,5,0.9,0.58,1.150,Default,FALSE,Platinum,7.68,13.62,28.88,331.75,2.33E+05,1.25E+08,1.78E+13,2.15E+19,1.43E+25,3.55E+33,1.99E+44
Slash_Zeus,Slash,BurstDamageSkillAmount,3,0.0720,1.2,5,0.9,0.58,1.150,Default,FALSE,Zeus,7.92,14.40,31.05,361.45,2.54E+05,1.36E+08,1.94E+13,2.34E+19,1.56E+25,3.87E+33,2.17E+44
Slash_HighTecLightning,Slash,BurstDamageSkillAmount,4,0.3000,1.0,20,0.9,0.58,1.150,Default,FALSE,HighTecLightning,32.18,59.17,128.54,1505.21,1.06E+06,5.68E+08,8.08E+13,9.77E+19,6.48E+25,1.61E+34,9.06E+44
Suit_ArmorIce,Suit,GoldAll,1,0.0320,1.0,1,0.9,0.58,1.140,Default,FALSE,None,2.29,5.08,11.58,102.31,4.40E+04,1.60E+07,1.08E+12,5.44E+17,1.56E+23,1.16E+31,1.39E+41
Suit_Casual,Suit,GoldAll,1,0.0352,1.1,1,0.9,0.58,1.140,Default,FALSE,None,2.42,5.49,12.64,112.44,4.84E+04,1.76E+07,1.19E+12,5.99E+17,1.72E+23,1.28E+31,1.53E+41
Suit_Wizard,Suit,GoldAll,1,0.0384,1.2,1,0.9,0.58,1.140,Default,FALSE,None,2.55,5.89,13.69,122.57,5.28E+04,1.91E+07,1.30E+12,6.53E+17,1.88E+23,1.40E+31,1.67E+41
Suit_ArmorRoyal,Suit,GoldAll,2,0.0960,1.0,2,0.9,0.58,1.140,Default,FALSE,None,5.87,14.24,33.73,305.93,1.32E+05,4.79E+07,3.24E+12,1.63E+18,4.69E+23,3.49E+31,4.17E+41
Suit_KungFu,Suit,GoldAll,2,0.1056,1.1,2,0.9,0.58,1.140,Default,FALSE,None,6.25,15.46,36.91,336.32,1.45E+05,5.27E+07,3.57E+12,1.80E+18,5.16E+23,3.84E+31,4.59E+41
Suit_Bishop,Suit,GoldAll,2,0.1152,1.2,2,0.9,0.58,1.140,Default,FALSE,Bishop,6.64,16.68,40.08,366.72,1.58E+05,5.74E+07,3.89E+12,1.96E+18,5.63E+23,4.19E+31,5.00E+41
Suit_ArmorHighTec,Suit,GoldAll,3,0.3840,1.0,5,0.9,0.58,1.140,Default,FALSE,None,20.46,53.95,131.94,1220.73,5.28E+05,1.91E+08,1.30E+13,6.53E+18,1.88E+24,1.40E+32,1.67E+42
Suit_ArmorRed,Suit,GoldAll,3,0.4224,1.1,5,0.9,0.58,1.140,Default,FALSE,None,22.01,58.84,144.63,1342.30,5.81E+05,2.11E+08,1.43E+13,7.19E+18,2.06E+24,1.53E+32,1.83E+42
Suit_Wolf,Suit,GoldAll,3,0.4608,1.2,5,0.9,0.58,1.140,Default,FALSE,Wolf,23.55,63.74,157.33,1463.87,6.33E+05,2.30E+08,1.56E+13,7.84E+18,2.25E+24,1.67E+32,2.00E+42
Suit_Chains,Suit,GoldAll,3,0.4992,1.3,5,0.9,0.58,1.140,Default,FALSE,Chains,25.10,68.63,170.02,1585.45,6.86E+05,2.49E+08,1.69E+13,8.49E+18,2.44E+24,1.81E+32,2.17E+42
Suit_Platinum,Suit,GoldAll,3,0.5376,1.4,5,0.9,0.58,1.140,Default,FALSE,Platinum,26.64,73.53,182.71,1707.02,7.39E+05,2.68E+08,1.82E+13,9.15E+18,2.63E+24,1.95E+32,2.33E+42
Suit_Pirate,Suit,GoldAll,4,1.9200,1.0,20,0.9,0.58,1.140,Default,FALSE,Pirate,97.30,264.75,654.69,6098.64,2.64E+06,9.57E+08,6.49E+13,3.27E+19,9.38E+24,6.98E+32,8.34E+42
Suit_HighTecLightning,Suit,GoldAll,4,2.3040,1.2,20,0.9,0.58,1.140,Default,FALSE,HighTecLightning,112.76,313.70,781.63,7314.36,3.17E+06,1.15E+09,7.78E+13,3.92E+19,1.13E+25,8.37E+32,1.00E+43
Suit_ArmorScale,Suit,ChestAmount,1,0.1000,1.0,1,0.9,0.58,1.145,Default,FALSE,None,5.04,13.90,35.50,395.40,2.20E+05,9.73E+07,9.56E+12,7.47E+18,3.26E+24,4.45E+32,1.15E+43
Suit_Farmer,Suit,ChestAmount,1,0.1100,1.1,1,0.9,0.58,1.145,Default,FALSE,None,5.45,15.19,38.96,434.84,2.42E+05,1.07E+08,1.05E+13,8.21E+18,3.59E+24,4.89E+32,1.27E+43
Suit_ArmorGreen,Suit,ChestAmount,1,0.1200,1.2,1,0.9,0.58,1.145,Default,FALSE,None,5.85,16.48,42.41,474.28,2.64E+05,1.17E+08,1.15E+13,8.96E+18,3.91E+24,5.33E+32,1.38E+43
Suit_ArmorWhite,Suit,ChestAmount,2,0.3000,1.0,2,0.9,0.58,1.145,Default,FALSE,None,14.13,40.69,105.51,1185.21,6.61E+05,2.92E+08,2.87E+13,2.24E+19,9.79E+24,1.33E+33,3.46E+43
Suit_ArmorOrange,Suit,ChestAmount,2,0.3300,1.1,2,0.9,0.58,1.145,Default,FALSE,None,15.34,44.56,115.87,1303.53,7.27E+05,3.21E+08,3.16E+13,2.46E+19,1.08E+25,1.47E+33,3.81E+43
Suit_Viking,Suit,ChestAmount,2,0.3600,1.2,2,0.9,0.58,1.145,Default,FALSE,Viking,16.56,48.43,126.22,1421.85,7.93E+05,3.50E+08,3.44E+13,2.69E+19,1.17E+25,1.60E+33,4.15E+43
Suit_ArmorRoman,Suit,ChestAmount,3,1.2000,1.0,5,0.9,0.58,1.145,Default,FALSE,None,53.52,159.75,419.06,4737.85,2.64E+06,1.17E+09,1.15E+14,8.96E+19,3.91E+25,5.33E+33,1.38E+44
Suit_Ninja,Suit,ChestAmount,3,1.3200,1.1,5,0.9,0.58,1.145,Default,FALSE,None,58.37,175.23,460.47,5211.13,2.91E+06,1.28E+09,1.26E+14,9.86E+19,4.31E+25,5.87E+33,1.52E+44
Suit_Gold,Suit,ChestAmount,3,1.4400,1.2,5,0.9,0.58,1.145,Default,FALSE,Anniversary,63.22,190.70,501.87,5684.41,3.17E+06,1.40E+09,1.38E+14,1.08E+20,4.70E+25,6.40E+33,1.66E+44
Suit_Fur,Suit,ChestAmount,3,1.5600,1.3,5,0.9,0.58,1.145,Default,FALSE,Fur,68.08,206.18,543.28,6157.70,3.44E+06,1.52E+09,1.49E+14,1.16E+20,5.09E+25,6.93E+33,1.80E+44
Suit_Mage,Suit,ChestAmount,3,1.6800,1.4,5,0.9,0.58,1.145,Default,FALSE,Mage,72.93,221.65,584.68,6630.98,3.70E+06,1.64E+09,1.61E+14,1.25E+20,5.48E+25,7.47E+33,1.94E+44
Suit_Monk,Suit,ChestAmount,3,1.8000,1.5,5,0.9,0.58,1.145,Default,FALSE,Monk,77.78,237.13,626.09,7104.27,3.97E+06,1.75E+09,1.72E+14,1.34E+20,5.87E+25,8.00E+33,2.08E+44
Suit_BoneTribe,Suit,ChestAmount,4,6.0000,1.0,20,0.9,0.58,1.145,Default,FALSE,BoneTribe,262.60,793.75,2090.30,23684.23,1.32E+07,5.84E+09,5.74E+14,4.48E+20,1.96E+26,2.67E+34,6.92E+44
Suit_Mech,Suit,ChestAmount,4,7.2000,1.2,20,0.9,0.58,1.145,Default,FALSE,Mech,311.12,948.50,2504.36,28417.07,1.59E+07,7.01E+09,6.89E+14,5.38E+20,2.35E+26,3.20E+34,8.30E+44
Suit_ArmorPurple,Suit,GoldBoss,1,0.0450,1.0,1,0.9,0.58,1.145,Default,FALSE,None,2.82,6.80,16.53,178.48,9.91E+04,4.38E+07,4.30E+12,3.36E+18,1.47E+24,2.00E+32,5.19E+42
Suit_ArmorFace,Suit,GoldBoss,1,0.0495,1.1,1,0.9,0.58,1.145,Default,FALSE,None,3.00,7.38,18.08,196.23,1.09E+05,4.82E+07,4.73E+12,3.70E+18,1.61E+24,2.20E+32,5.71E+42
Suit_Travel,Suit,GoldBoss,1,0.0540,1.2,1,0.9,0.58,1.145,Default,FALSE,None,3.18,7.96,19.63,213.98,1.19E+05,5.26E+07,5.16E+12,4.03E+18,1.76E+24,2.40E+32,6.23E+42
Suit_Robot,Suit,GoldBoss,2,0.1350,1.0,2,0.9,0.58,1.145,Default,FALSE,Cyborg,7.46,19.41,48.58,534.45,2.97E+05,1.31E+08,1.29E+13,1.01E+19,4.40E+24,6.00E+32,1.56E+43
Suit_Ghost,Suit,GoldBoss,2,0.1485,1.1,2,0.9,0.58,1.145,Default,FALSE,Ghost,8.00,21.15,53.24,587.69,3.27E+05,1.45E+08,1.42E+13,1.11E+19,4.84E+24,6.60E+32,1.71E+43
Suit_Crow,Suit,GoldBoss,2,0.1620,1.2,2,0.9,0.58,1.145,Default,FALSE,Crow,8.55,22.89,57.90,640.93,3.57E+05,1.58E+08,1.55E+13,1.21E+19,5.28E+24,7.20E+32,1.87E+43
Suit_Chicken,Suit,GoldBoss,3,0.5400,1.0,5,0.9,0.58,1.145,Default,FALSE,None,26.83,74.64,191.33,2134.78,1.19E+06,5.26E+08,5.16E+13,4.03E+19,1.76E+25,2.40E+33,6.23E+43
Suit_Ironman,Suit,GoldBoss,3,0.5940,1.1,5,0.9,0.58,1.145,Default,FALSE,None,29.02,81.60,209.96,2347.76,1.31E+06,5.78E+08,5.68E+13,4.44E+19,1.94E+25,2.64E+33,6.85E+43
Suit_Dragon,Suit,GoldBoss,3,0.6480,1.2,5,0.9,0.58,1.145,Default,FALSE,Dragon,31.20,88.57,228.59,2560.74,1.43E+06,6.31E+08,6.20E+13,4.84E+19,2.11E+25,2.88E+33,7.47E+43
Suit_Captain,Suit,GoldBoss,3,0.7020,1.3,5,0.9,0.58,1.145,Default,FALSE,Captain,33.38,95.53,247.23,2773.71,1.55E+06,6.83E+08,6.71E+13,5.24E+19,2.29E+25,3.12E+33,8.10E+43
Suit_Titan,Suit,GoldBoss,3,0.7560,1.4,5,0.9,0.58,1.145,Default,FALSE,Titan,35.57,102.49,265.86,2986.69,1.67E+06,7.36E+08,7.23E+13,5.64E+19,2.47E+25,3.36E+33,8.72E+43
Suit_Zeus,Suit,GoldBoss,3,0.8100,1.5,5,0.9,0.58,1.145,Default,FALSE,Zeus,37.75,109.46,284.49,3199.67,1.78E+06,7.88E+08,7.75E+13,6.05E+19,2.64E+25,3.60E+33,9.34E+43
Suit_Skulls,Suit,GoldBoss,4,2.7000,1.0,20,0.9,0.58,1.145,Default,FALSE,Skulls,129.17,368.19,951.63,10668.90,5.95E+06,2.63E+09,2.58E+14,2.02E+20,8.81E+25,1.20E+34,3.11E+44
Suit_Samurai,Suit,GoldBoss,4,3.2400,1.2,20,0.9,0.58,1.145,Default,FALSE,Samurai,151.00,437.83,1137.96,12798.68,7.14E+06,3.15E+09,3.10E+14,2.42E+20,1.06E+26,1.44E+34,3.74E+44
Suit_Knight,Suit,UnskilledGold,2,0.0240,1.0,2,0.9,0.58,1.130,Default,FALSE,Knight,2.96,5.00,9.37,52.45,1.28E+04,3.11E+06,9.98E+10,2.08E+16,2.56E+21,5.64E+28,1.42E+38
Suit_Green,Suit,UnskilledGold,3,0.0960,1.0,5,0.9,0.58,1.130,Default,FALSE,Green,8.83,16.99,34.50,206.79,5.11E+04,1.25E+07,3.99E+11,8.32E+16,1.03E+22,2.26E+29,5.66E+38
Suit_Wonder,Suit,UnskilledGold,3,0.1056,1.1,5,0.9,0.58,1.130,Default,FALSE,Wonder,9.22,18.19,37.44,226.97,5.62E+04,1.37E+07,4.39E+11,9.15E+16,1.13E+22,2.48E+29,6.23E+38
Suit_Thief,Suit,UnskilledGold,3,0.1152,1.2,5,0.9,0.58,1.130,Default,FALSE,Thief,9.60,19.38,40.39,247.15,6.13E+04,1.49E+07,4.79E+11,9.98E+16,1.23E+22,2.71E+29,6.79E+38
Suit_DarkAlien,Suit,UnskilledGold,4,0.4800,1.0,20,0.9,0.58,1.130,Default,FALSE,DarkAlien,39.17,79.93,167.48,1028.94,2.56E+05,6.23E+07,2.00E+12,4.16E+17,5.13E+22,1.13E+30,2.83E+39
Weapon_Basic,Weapon,AllDamage,1,0.0400,1.0,1,0.9,0.58,1.140,Default,FALSE,None,2.61,6.10,14.22,127.64,5.50E+04,1.99E+07,1.35E+12,6.81E+17,1.95E+23,1.45E+31,1.74E+41
Weapon_Bat,Weapon,AllDamage,1,0.0440,1.1,1,0.9,0.58,1.140,Default,FALSE,None,2.77,6.61,15.54,140.30,6.05E+04,2.19E+07,1.49E+12,7.49E+17,2.15E+23,1.60E+31,1.91E+41
Weapon_Club,Weapon,AllDamage,1,0.0480,1.2,1,0.9,0.58,1.140,Default,FALSE,None,2.93,7.12,16.87,152.97,6.60E+04,2.39E+07,1.62E+12,8.17E+17,2.34E+23,1.74E+31,2.08E+41
Weapon_WoodAxe,Weapon,AllDamage,1,0.0520,1.3,1,0.9,0.58,1.140,Default,FALSE,None,3.09,7.63,18.19,165.63,7.15E+04,2.59E+07,1.76E+12,8.85E+17,2.54E+23,1.89E+31,2.26E+41
Weapon_Brute,Weapon,AllDamage,1,0.0560,1.4,1,0.9,0.58,1.140,Default,FALSE,None,3.25,8.14,19.51,178.29,7.70E+04,2.79E+07,1.89E+12,9.53E+17,2.74E+23,2.03E+31,2.43E+41
Weapon_Laser,Weapon,AllDamage,2,0.1200,1.0,2,0.9,0.58,1.140,Default,FALSE,None,6.83,17.30,41.67,381.91,1.65E+05,5.98E+07,4.05E+12,2.04E+18,5.86E+23,4.36E+31,5.21E+41
Weapon_ZigZag,Weapon,AllDamage,2,0.1320,1.1,2,0.9,0.58,1.140,Default,FALSE,None,7.31,18.83,45.63,419.91,1.81E+05,6.58E+07,4.46E+12,2.25E+18,6.45E+23,4.80E+31,5.73E+41
Weapon_Crow,Weapon,AllDamage,2,0.1440,1.2,2,0.9,0.58,1.140,Default,FALSE,Crow,7.80,20.36,49.60,457.90,1.98E+05,7.18E+07,4.87E+12,2.45E+18,7.03E+23,5.23E+31,6.25E+41
Weapon_Excalibur,Weapon,AllDamage,3,0.4800,1.0,5,0.9,0.58,1.140,Default,FALSE,None,24.33,66.19,163.67,1524.66,6.60E+05,2.39E+08,1.62E+13,8.17E+18,2.34E+24,1.74E+32,2.08E+42
Weapon_Cleaver,Weapon,AllDamage,3,0.5280,1.1,5,0.9,0.58,1.140,Default,FALSE,None,26.26,72.31,179.54,1676.62,7.26E+05,2.63E+08,1.78E+13,8.98E+18,2.58E+24,1.92E+32,2.29E+42
Weapon_Guitar,Weapon,AllDamage,3,0.5760,1.2,5,0.9,0.58,1.140,Default,FALSE,None,28.19,78.42,195.41,1828.59,7.92E+05,2.87E+08,1.95E+13,9.80E+18,2.81E+24,2.09E+32,2.50E+42
Weapon_Green,Weapon,AllDamage,3,0.6240,1.3,5,0.9,0.58,1.140,Default,FALSE,Green,30.12,84.54,211.27,1980.56,8.58E+05,3.11E+08,2.11E+13,1.06E+19,3.05E+24,2.27E+32,2.71E+42
Weapon_Chains,Weapon,AllDamage,3,0.6720,1.4,5,0.9,0.58,1.140,Default,FALSE,Chains,32.06,90.66,227.14,2132.52,9.24E+05,3.35E+08,2.27E+13,1.14E+19,3.28E+24,2.44E+32,2.92E+42
Weapon_Platinum,Weapon,AllDamage,3,0.7200,1.5,5,0.9,0.58,1.140,Default,FALSE,Platinum,33.99,96.78,243.01,2284.49,9.90E+05,3.59E+08,2.43E+13,1.23E+19,3.52E+24,2.62E+32,3.13E+42
Weapon_Pirate,Weapon,AllDamage,4,2.4000,1.0,20,0.9,0.58,1.140,Default,FALSE,Pirate,116.63,325.93,813.36,7618.29,3.30E+06,1.20E+09,8.11E+13,4.08E+19,1.17E+25,8.72E+32,1.04E+43
Weapon_Skulls,Weapon,AllDamage,4,2.8800,1.2,20,0.9,0.58,1.140,Default,FALSE,Skulls,135.95,387.12,972.03,9137.95,3.96E+06,1.44E+09,9.73E+13,4.90E+19,1.41E+25,1.05E+33,1.25E+43
Weapon_HighTecLightning,Weapon,AllDamage,4,3.3600,1.4,20,0.9,0.58,1.140,Default,FALSE,HighTecLightning,155.28,448.31,1130.70,10657.61,4.62E+06,1.68E+09,1.14E+14,5.72E+19,1.64E+25,1.22E+33,1.46E+43
Weapon_Gear,Weapon,AllHelperDamage,1,0.0700,1.0,1,0.9,0.58,1.150,Default,FALSE,None,3.84,10.14,26.33,347.55,2.47E+05,1.33E+08,1.89E+13,2.28E+19,1.51E+25,3.77E+33,2.11E+44
Weapon_Sythe,Weapon,AllHelperDamage,1,0.0770,1.1,1,0.9,0.58,1.150,Default,FALSE,None,4.13,11.05,28.86,382.20,2.71E+05,1.46E+08,2.07E+13,2.51E+19,1.66E+25,4.14E+33,2.32E+44
Weapon_Hammer,Weapon,AllHelperDamage,1,0.0840,1.2,1,0.9,0.58,1.150,Default,FALSE,None,4.41,11.97,31.39,416.86,2.96E+05,1.59E+08,2.26E+13,2.73E+19,1.81E+25,4.52E+33,2.54E+44
Weapon_Ninja,Weapon,AllHelperDamage,1,0.0910,1.3,1,0.9,0.58,1.150,Default,FALSE,None,4.70,12.88,33.92,451.51,3.21E+05,1.72E+08,2.45E+13,2.96E+19,1.97E+25,4.89E+33,2.75E+44
Weapon_BattleAxe,Weapon,AllHelperDamage,1,0.0980,1.4,1,0.9,0.58,1.150,Default,FALSE,None,4.98,13.80,36.46,486.17,3.45E+05,1.86E+08,2.64E+13,3.19E+19,2.12E+25,5.27E+33,2.96E+44
Weapon_Halberd,Weapon,AllHelperDamage,2,0.2100,1.0,2,0.9,0.58,1.150,Default,FALSE,None,10.53,29.42,77.98,1041.65,7.40E+05,3.98E+08,5.66E+13,6.84E+19,4.54E+25,1.13E+34,6.34E+44
Weapon_Beam,Weapon,AllHelperDamage,2,0.2310,1.1,2,0.9,0.58,1.150,Default,FALSE,Cyborg,11.38,32.16,85.58,1145.61,8.14E+05,4.38E+08,6.22E+13,7.52E+19,4.99E+25,1.24E+34,6.97E+44
Weapon_Holy,Weapon,AllHelperDamage,3,0.8400,1.0,5,0.9,0.58,1.150,Default,FALSE,None,39.11,114.69,308.91,4163.59,2.96E+06,1.59E+09,2.26E+14,2.73E+20,1.81E+26,4.52E+34,2.54E+45
Weapon_Poison,Weapon,AllHelperDamage,3,0.9240,1.1,5,0.9,0.58,1.150,Default,FALSE,None,42.53,125.66,339.30,4579.45,3.26E+06,1.75E+09,2.49E+14,3.01E+20,2.00E+26,4.97E+34,2.79E+45
Weapon_GoldSword,Weapon,AllHelperDamage,3,1.0080,1.2,5,0.9,0.58,1.150,Default,FALSE,Anniversary,45.94,136.62,369.69,4995.31,3.55E+06,1.91E+09,2.72E+14,3.28E+20,2.18E+26,5.42E+34,3.04E+45
Weapon_Wonder,Weapon,AllHelperDamage,3,1.0920,1.3,5,0.9,0.58,1.150,Default,FALSE,Wonder,49.35,147.59,400.09,5411.17,3.85E+06,2.07E+09,2.94E+14,3.56E+20,2.36E+26,5.87E+34,3.30E+45
Weapon_Fur,Weapon,AllHelperDamage,3,1.1760,1.4,5,0.9,0.58,1.150,Default,FALSE,Fur,52.76,158.56,430.48,5827.02,4.14E+06,2.23E+09,3.17E+14,3.83E+20,2.54E+26,6.33E+34,3.55E+45
Weapon_Monk,Weapon,AllHelperDamage,3,1.2600,1.5,5,0.9,0.58,1.150,Default,FALSE,Monk,56.17,169.53,460.87,6242.88,4.44E+06,2.39E+09,3.40E+14,4.10E+20,2.72E+26,6.78E+34,3.80E+45
Weapon_BoneTribe,Weapon,AllHelperDamage,4,4.2000,1.0,20,0.9,0.58,1.150,Default,FALSE,BoneTribe,190.57,568.44,1539.56,20812.94,1.48E+07,7.96E+09,1.13E+15,1.37E+21,9.07E+26,2.26E+35,1.27E+46
Weapon_Glaive,Weapon,CritDamage,1,0.0600,1.0,1,0.9,0.58,1.145,Default,FALSE,None,3.43,8.74,21.70,237.64,1.32E+05,5.84E+07,5.74E+12,4.48E+18,1.96E+24,2.67E+32,6.92E+42
Weapon_Buster,Weapon,CritDamage,1,0.0660,1.1,1,0.9,0.58,1.145,Default,FALSE,None,3.67,9.51,23.77,261.31,1.45E+05,6.42E+07,6.31E+12,4.93E+18,2.15E+24,2.93E+32,7.61E+42
Weapon_Skull,Weapon,CritDamage,1,0.0720,1.2,1,0.9,0.58,1.145,Default,FALSE,None,3.91,10.29,25.84,284.97,1.59E+05,7.01E+07,6.89E+12,5.38E+18,2.35E+24,3.20E+32,8.30E+42
Weapon_Spear,Weapon,CritDamage,1,0.0780,1.3,1,0.9,0.58,1.145,Default,FALSE,None,4.15,11.06,27.91,308.63,1.72E+05,7.59E+07,7.46E+12,5.82E+18,2.54E+24,3.47E+32,8.99E+42
Weapon_Katana,Weapon,CritDamage,1,0.0840,1.4,1,0.9,0.58,1.145,Default,FALSE,None,4.40,11.83,29.98,332.30,1.85E+05,8.18E+07,8.03E+12,6.27E+18,2.74E+24,3.73E+32,9.69E+42
Weapon_PitchFork,Weapon,CritDamage,2,0.1800,1.0,2,0.9,0.58,1.145,Default,FALSE,None,9.28,25.21,64.11,711.93,3.97E+05,1.75E+08,1.72E+13,1.34E+19,5.87E+24,8.00E+32,2.08E+43
Weapon_Staff,Weapon,CritDamage,2,0.1980,1.1,2,0.9,0.58,1.145,Default,FALSE,None,10.01,27.53,70.32,782.92,4.36E+05,1.93E+08,1.89E+13,1.48E+19,6.46E+24,8.80E+32,2.28E+43
Weapon_BlueSword,Weapon,CritDamage,2,0.2160,1.2,2,0.9,0.58,1.145,Default,FALSE,Ghost,10.73,29.86,76.53,853.91,4.76E+05,2.10E+08,2.07E+13,1.61E+19,7.05E+24,9.60E+32,2.49E+43
Weapon_Knight,Weapon,CritDamage,2,0.2340,1.3,2,0.9,0.58,1.145,Default,FALSE,Knight,11.46,32.18,82.74,924.90,5.16E+05,2.28E+08,2.24E+13,1.75E+19,7.63E+24,1.04E+33,2.70E+43
Weapon_Saw,Weapon,CritDamage,3,0.7200,1.0,5,0.9,0.58,1.145,Default,FALSE,None,34.11,97.85,253.44,2844.71,1.59E+06,7.01E+08,6.89E+13,5.38E+19,2.35E+25,3.20E+33,8.30E+43
Weapon_Fish,Weapon,CritDamage,3,0.7920,1.1,5,0.9,0.58,1.145,Default,FALSE,None,37.02,107.14,278.28,3128.68,1.74E+06,7.71E+08,7.57E+13,5.91E+19,2.58E+25,3.52E+33,9.13E+43
Weapon_Wrench,Weapon,CritDamage,3,0.8640,1.2,5,0.9,0.58,1.145,Default,FALSE,None,39.93,116.42,303.12,3412.65,1.90E+06,8.41E+08,8.26E+13,6.45E+19,2.82E+25,3.84E+33,9.96E+43
Weapon_Wolf,Weapon,CritDamage,3,0.9360,1.3,5,0.9,0.58,1.145,Default,FALSE,Wolf,42.85,125.71,327.97,3696.62,2.06E+06,9.11E+08,8.95E+13,6.99E+19,3.05E+25,4.16E+33,1.08E+44
Weapon_Mage,Weapon,CritDamage,3,1.0080,1.4,5,0.9,0.58,1.145,Default,FALSE,Mage,45.76,134.99,352.81,3980.59,2.22E+06,9.81E+08,9.64E+13,7.53E+19,3.29E+25,4.48E+33,1.16E+44
Weapon_Zeus,Weapon,CritDamage,3,1.0800,1.5,5,0.9,0.58,1.145,Default,FALSE,Zeus,48.67,144.28,377.65,4264.56,2.38E+06,1.05E+09,1.03E+14,8.06E+19,3.52E+25,4.80E+33,1.25E+44
Weapon_DarkAlien,Weapon,CritDamage,4,3.6000,1.0,20,0.9,0.58,1.145,Default,FALSE,DarkAlien,165.56,484.25,1262.18,14218.54,7.93E+06,3.50E+09,3.44E+14,2.69E+20,1.17E+26,1.60E+34,4.15E+44
Weapon_Mech,Weapon,CritDamage,4,4.3200,1.2,20,0.9,0.58,1.145,Default,FALSE,Mech,194.67,577.10,1510.62,17058.24,9.52E+06,4.20E+09,4.13E+14,3.23E+20,1.41E+26,1.92E+34,4.98E+44
Weapon_Key,Weapon,TapDamage,1,0.0700,1.0,1,0.9,0.58,1.150,Default,FALSE,None,3.84,10.14,26.33,347.55,2.47E+05,1.33E+08,1.89E+13,2.28E+19,1.51E+25,3.77E+33,2.11E+44
Weapon_Pencil,Weapon,TapDamage,1,0.0770,1.1,1,0.9,0.58,1.150,Default,FALSE,None,4.13,11.05,28.86,382.20,2.71E+05,1.46E+08,2.07E+13,2.51E+19,1.66E+25,4.14E+33,2.32E+44
Weapon_Steel,Weapon,TapDamage,1,0.0840,1.2,1,0.9,0.58,1.150,Default,FALSE,None,4.41,11.97,31.39,416.86,2.96E+05,1.59E+08,2.26E+13,2.73E+19,1.81E+25,4.52E+33,2.54E+44
Weapon_Travel,Weapon,TapDamage,1,0.0910,1.3,1,0.9,0.58,1.150,Default,FALSE,None,4.70,12.88,33.92,451.51,3.21E+05,1.72E+08,2.45E+13,2.96E+19,1.97E+25,4.89E+33,2.75E+44
Weapon_Fan,Weapon,TapDamage,2,0.2100,1.0,2,0.9,0.58,1.150,Default,FALSE,None,10.53,29.42,77.98,1041.65,7.40E+05,3.98E+08,5.66E+13,6.84E+19,4.54E+25,1.13E+34,6.34E+44
Weapon_FriedEgg,Weapon,TapDamage,2,0.2310,1.1,2,0.9,0.58,1.150,Default,FALSE,None,11.38,32.16,85.58,1145.61,8.14E+05,4.38E+08,6.22E+13,7.52E+19,4.99E+25,1.24E+34,6.97E+44
Weapon_Viking,Weapon,TapDamage,2,0.2520,1.2,2,0.9,0.58,1.150,Default,FALSE,Viking,12.23,34.91,93.17,1249.58,8.88E+05,4.77E+08,6.79E+13,8.20E+19,5.44E+25,1.36E+34,7.61E+44
Weapon_Bishop,Weapon,TapDamage,2,0.2730,1.3,2,0.9,0.58,1.150,Default,FALSE,Bishop,13.09,37.65,100.77,1353.54,9.62E+05,5.17E+08,7.36E+13,8.89E+19,5.90E+25,1.47E+34,8.24E+44
Weapon_SwordFish,Weapon,TapDamage,3,0.8400,1.0,5,0.9,0.58,1.150,Default,FALSE,None,39.11,114.69,308.91,4163.59,2.96E+06,1.59E+09,2.26E+14,2.73E+20,1.81E+26,4.52E+34,2.54E+45
Weapon_Dragon,Weapon,TapDamage,3,0.9240,1.1,5,0.9,0.58,1.150,Default,FALSE,Dragon,42.53,125.66,339.30,4579.45,3.26E+06,1.75E+09,2.49E+14,3.01E+20,2.00E+26,4.97E+34,2.79E+45
Weapon_SwordMaster,Weapon,TapDamage,3,1.0080,1.2,5,0.9,0.58,1.150,Default,FALSE,None,45.94,136.62,369.69,4995.31,3.55E+06,1.91E+09,2.72E+14,3.28E+20,2.18E+26,5.42E+34,3.04E+45
Weapon_Captain,Weapon,TapDamage,3,1.0920,1.3,5,0.9,0.58,1.150,Default,FALSE,Captain,49.35,147.59,400.09,5411.17,3.85E+06,2.07E+09,2.94E+14,3.56E+20,2.36E+26,5.87E+34,3.30E+45
Weapon_Titan,Weapon,TapDamage,3,1.1760,1.4,5,0.9,0.58,1.150,Default,FALSE,Titan,49.89,133.77,304.53,1504.96,1.69E+05,2.06E+07,1.59E+11,5.40E+15,1.06E+20,6.33E+34,3.55E+45
Weapon_Thief,Weapon,TapDamage,3,1.2600,1.5,5,0.9,0.58,1.150,Default,FALSE,Thief,56.17,169.53,460.87,6242.88,4.44E+06,2.39E+09,3.40E+14,4.10E+20,2.72E+26,6.78E+34,3.80E+45
Weapon_Samurai,Weapon,TapDamage,4,4.2000,1.0,20,0.9,0.58,1.150,Default,FALSE,Samurai,190.57,568.44,1539.56,20812.94,1.48E+07,7.96E+09,1.13E+15,1.37E+21,9.07E+26,2.26E+35,1.27E+46
Weapon_DevilFork,Weapon,TapDamage,1,0.3150,1.0,3,0.9,0.58,1.150,Halloween17,TRUE,None,15.79,44.13,116.97,1562.47,1.11E+06,5.97E+08,8.49E+13,1.03E+20,6.81E+25,1.69E+34,9.51E+44
Weapon_Lolipod,Weapon,CritDamage,1,0.2700,1.0,3,0.9,0.58,1.145,Halloween17,TRUE,None,13.92,37.82,96.16,1067.89,5.95E+05,2.63E+08,2.58E+13,2.02E+19,8.81E+24,1.20E+33,3.11E+43
Weapon_Pumpkin,Weapon,AllHelperDamage,1,0.3150,1.0,3,0.9,0.58,1.150,Halloween17,TRUE,None,15.79,44.13,116.97,1562.47,1.11E+06,5.97E+08,8.49E+13,1.03E+20,6.81E+25,1.69E+34,9.51E+44
Weapon_StreetLamp,Weapon,AllDamage,1,0.1980,1.1,3,0.9,0.58,1.140,Halloween17,TRUE,Scarecrow,10.97,28.24,68.45,629.86,2.72E+05,9.87E+07,6.69E+12,3.37E+18,9.67E+23,7.19E+31,8.60E+41
Aura_Pumpkin,Aura,HelmetBoost,1,0.0124,1.1,3,0.9,0.58,1.145,Halloween17,TRUE,Scarecrow,3.50,4.60,7.27,51.81,2.73E+04,1.20E+07,1.18E+12,9.24E+17,4.04E+23,5.50E+31,1.43E+42
Hat_Pumpkin,Hat,SwordAttackDamage,1,0.0495,1.1,3,0.9,0.58,1.140,Halloween17,TRUE,Scarecrow,4.99,9.31,19.36,159.71,6.80E+04,2.47E+07,1.67E+12,8.42E+17,2.42E+23,1.80E+31,2.15E+41
Slash_SpiderWeb,Slash,ShadowCloneSkillAmount,1,0.0347,1.1,3,0.9,0.58,1.140,Halloween17,TRUE,Scarecrow,4.40,7.42,14.45,112.70,4.76E+04,1.73E+07,1.17E+12,5.90E+17,1.69E+23,1.26E+31,1.50E+41
Suit_Scarecrow,Suit,GoldAll,1,0.1584,1.1,3,0.9,0.58,1.140,Halloween17,TRUE,Scarecrow,9.38,23.19,55.36,504.49,2.18E+05,7.90E+07,5.35E+12,2.70E+18,7.74E+23,5.76E+31,6.88E+41
Hat_Slayer,Hat,MeleeHelperDamage,1,0.1188,1.2,3,0.9,0.58,1.145,Halloween18,TRUE,Slayer,7.80,18.32,43.99,471.55,2.62E+05,1.16E+08,1.14E+13,8.87E+18,3.88E+24,5.28E+32,1.37E+43
Slash_Slayer,Slash,PetDamage,1,0.0540,1.2,3,0.9,0.58,1.140,Halloween18,TRUE,Slayer,5.17,9.88,20.85,173.96,7.42E+04,2.69E+07,1.82E+12,9.19E+17,2.64E+23,1.96E+31,2.35E+41
Suit_Slayer,Suit,GoldBoss,1,0.2430,1.2,3,0.9,0.58,1.145,Halloween18,TRUE,Slayer,12.83,34.34,86.85,961.40,5.35E+05,2.37E+08,2.32E+13,1.81E+19,7.93E+24,1.08E+33,2.80E+43
Weapon_Slayer,Weapon,CritDamage,1,0.3240,1.2,3,0.9,0.58,1.145,Halloween18,TRUE,Slayer,16.10,44.78,114.80,1280.87,7.14E+05,3.15E+08,3.10E+13,2.42E+19,1.06E+25,1.44E+33,3.74E+43
Aura_Slayer,Aura,SwordBoost,1,0.0108,1.2,3,0.9,0.58,1.140,Halloween18,TRUE,Slayer,3.43,4.38,6.57,37.19,1.48E+04,5.39E+06,3.65E+11,1.84E+17,5.28E+22,3.92E+30,4.69E+40
Weapon_HolidayTree,Weapon,CritDamage,1,0.2700,1.0,3,0.9,0.58,1.145,Winter17,TRUE,None,13.92,37.82,96.16,1067.89,5.95E+05,2.63E+08,2.58E+13,2.02E+19,8.81E+24,1.20E+33,3.11E+43
Weapon_CandyCane,Weapon,AllDamage,1,0.1800,1.0,3,0.9,0.58,1.140,Winter17,TRUE,None,10.25,25.95,62.50,572.87,2.47E+05,8.98E+07,6.08E+12,3.06E+18,8.79E+23,6.54E+31,7.82E+41
Suit_UglySweater1,Suit,ChestAmount,1,0.4500,1.0,3,0.9,0.58,1.145,Winter17,TRUE,None,21.20,61.03,158.27,1777.82,9.91E+05,4.38E+08,4.30E+13,3.36E+19,1.47E+25,2.00E+33,5.19E+43
Suit_UglySweater2,Suit,GoldBoss,1,0.2025,1.0,3,0.9,0.58,1.145,Winter17,TRUE,None,11.19,29.11,72.87,801.67,4.46E+05,1.97E+08,1.94E+13,1.51E+19,6.61E+24,9.00E+32,2.34E+43
Suit_Elf,Suit,GoldAll,1,0.1440,1.0,3,0.9,0.58,1.140,Winter17,TRUE,None,8.80,21.36,50.60,458.90,1.98E+05,7.18E+07,4.87E+12,2.45E+18,7.03E+23,5.23E+31,6.25E+41
Slash_HolidayTree,Slash,PetDamage,1,0.0450,1.0,3,0.9,0.58,1.140,Winter17,TRUE,None,4.81,8.74,17.88,145.47,6.19E+04,2.24E+07,1.52E+12,7.66E+17,2.20E+23,1.64E+31,1.95E+41
Hat_Santa,Hat,SwordAttackDamage,1,0.0450,1.0,3,0.9,0.58,1.140,Winter17,TRUE,None,4.81,8.74,17.88,145.47,6.19E+04,2.24E+07,1.52E+12,7.66E+17,2.20E+23,1.64E+31,1.95E+41
Hat_Elf,Hat,SpellHelperDamage,1,0.0990,1.0,3,0.9,0.58,1.145,Winter17,TRUE,None,7.00,15.77,37.16,393.46,2.18E+05,9.64E+07,9.47E+12,7.39E+18,3.23E+24,4.40E+32,1.14E+43
Hat_Antlers,Hat,MeleeHelperDamage,1,0.0990,1.0,3,0.9,0.58,1.145,Winter17,TRUE,None,7.00,15.77,37.16,393.46,2.18E+05,9.64E+07,9.47E+12,7.39E+18,3.23E+24,4.40E+32,1.14E+43
Weapon_Carrot,Weapon,AllHelperDamage,1,0.3465,1.1,3,0.9,0.58,1.150,Winter17,TRUE,Snowman,17.07,48.25,128.36,1718.42,1.22E+06,6.56E+08,9.34E+13,1.13E+20,7.49E+25,1.86E+34,1.05E+45
Hat_Snowman,Hat,RangedHelperDamage,1,0.1089,1.1,3,0.9,0.58,1.145,Winter17,TRUE,Snowman,7.40,17.04,40.58,432.51,2.40E+05,1.06E+08,1.04E+13,8.13E+18,3.55E+24,4.84E+32,1.26E+43
Suit_Snowman,Suit,GoldBoss,1,0.2228,1.1,3,0.9,0.58,1.145,Winter17,TRUE,Snowman,12.01,31.73,79.86,881.53,4.91E+05,2.17E+08,2.13E+13,1.66E+19,7.27E+24,9.90E+32,2.57E+43
Aura_SnowStorm,Aura,SwordBoost,1,0.0099,1.1,3,0.9,0.58,1.140,Winter17,TRUE,Snowman,3.40,4.26,6.27,34.34,1.36E+04,4.94E+06,3.34E+11,1.68E+17,4.84E+22,3.60E+30,4.30E+40
Slash_SnowFlakes,Slash,ClanShipDamage,1,0.0545,1.1,3,0.9,0.58,1.140,Winter17,TRUE,Snowman,5.19,9.94,21.00,175.39,7.49E+04,2.71E+07,1.84E+12,9.26E+17,2.66E+23,1.98E+31,2.36E+41
Aura_Sled,Aura,SlashBoost,1,0.0081,1.2,3,0.9,0.58,1.140,Winter18,TRUE,Sled,3.33,4.03,5.68,28.64,1.11E+04,4.04E+06,2.74E+11,1.38E+17,3.96E+22,2.94E+30,3.52E+40
Hat_Sled,Hat,MeleeHelperDamage,1,0.1188,1.2,3,0.9,0.58,1.145,Winter18,TRUE,Sled,7.80,18.32,43.99,471.55,2.62E+05,1.16E+08,1.14E+13,8.87E+18,3.88E+24,5.28E+32,1.37E+43
Slash_Sled,Slash,PetDamage,1,0.0540,1.2,3,0.9,0.58,1.140,Winter18,TRUE,Sled,5.17,9.88,20.85,173.96,7.42E+04,2.69E+07,1.82E+12,9.19E+17,2.64E+23,1.96E+31,2.35E+41
Suit_Sled,Suit,UnskilledGold,1,0.0432,1.2,3,0.9,0.58,1.130,Winter18,TRUE,Sled,4.73,8.39,16.27,93.80,2.30E+04,5.60E+06,1.80E+11,3.74E+16,4.62E+21,1.01E+29,2.55E+38
Weapon_Sled,Weapon,TapDamage,1,0.3780,1.2,3,0.9,0.58,1.150,Winter18,TRUE,Sled,18.35,52.36,139.76,1874.36,1.33E+06,7.16E+08,1.02E+14,1.23E+20,8.17E+25,2.03E+34,1.14E+45
Hat_Valentines,Hat,RangedHelperDamage,1,0.0990,1.0,3,0.9,0.58,1.145,Valentines18,TRUE,None,7.00,15.77,37.16,393.46,2.18E+05,9.64E+07,9.47E+12,7.39E+18,3.23E+24,4.40E+32,1.14E+43
Aura_Valentines,Aura,HelmetBoost,1,0.0113,1.0,3,0.9,0.58,1.145,Valentines18,TRUE,None,3.45,4.45,6.88,47.37,2.48E+04,1.10E+07,1.08E+12,8.40E+17,3.67E+23,5.00E+31,1.30E+42
Weapon_Valentines,Weapon,AllDamage,1,0.1800,1.0,3,0.9,0.58,1.140,Valentines18,TRUE,None,10.25,25.95,62.50,572.87,2.47E+05,8.98E+07,6.08E+12,3.06E+18,8.79E+23,6.54E+31,7.82E+41
Weapon_Rose,Weapon,TapDamage,1,0.3150,1.0,3,0.9,0.58,1.150,Valentines18,TRUE,None,15.79,44.13,116.97,1562.47,1.11E+06,5.97E+08,8.49E+13,1.03E+20,6.81E+25,1.69E+34,9.51E+44
Weapon_Poet,Weapon,CritDamage,1,0.2970,1.1,3,0.9,0.58,1.145,Valentines18,TRUE,Poet,15.01,41.30,105.48,1174.38,6.54E+05,2.89E+08,2.84E+13,2.22E+19,9.69E+24,1.32E+33,3.42E+43
Hat_Poet,Hat,MeleeHelperDamage,1,0.1089,1.1,3,0.9,0.58,1.145,Valentines18,TRUE,Poet,7.40,17.04,40.58,432.51,2.40E+05,1.06E+08,1.04E+13,8.13E+18,3.55E+24,4.84E+32,1.26E+43
Suit_Poet,Suit,ChestAmount,1,0.4950,1.1,3,0.9,0.58,1.145,Valentines18,TRUE,Poet,23.01,66.83,173.80,1955.30,1.09E+06,4.82E+08,4.73E+13,3.70E+19,1.61E+25,2.20E+33,5.71E+43
Aura_Poet,Aura,HelmetBoost,1,0.0124,1.1,3,0.9,0.58,1.145,Valentines18,TRUE,Poet,3.50,4.60,7.27,51.81,2.73E+04,1.20E+07,1.18E+12,9.24E+17,4.04E+23,5.50E+31,1.43E+42
Slash_Poet,Slash,PetDamage,1,0.0495,1.1,3,0.9,0.58,1.140,Valentines18,TRUE,Poet,4.99,9.31,19.36,159.71,6.80E+04,2.47E+07,1.67E+12,8.42E+17,2.42E+23,1.80E+31,2.15E+41
Aura_CNY,Aura,SlashBoost,1,0.0081,1.2,3,0.9,0.58,1.140,Valentines19,TRUE,CNY,3.33,4.03,5.68,28.64,1.11E+04,4.04E+06,2.74E+11,1.38E+17,3.96E+22,2.94E+30,3.52E+40
Hat_CNY,Hat,SpellHelperDamage,1,0.1188,1.2,3,0.9,0.58,1.145,Valentines19,TRUE,CNY,7.80,18.32,43.99,471.55,2.62E+05,1.16E+08,1.14E+13,8.87E+18,3.88E+24,5.28E+32,1.37E+43
Slash_CNY,Slash,ClanShipDamage,1,0.0594,1.2,3,0.9,0.58,1.140,Valentines19,TRUE,CNY,5.39,10.57,22.64,191.06,8.17E+04,2.96E+07,2.01E+12,1.01E+18,2.90E+23,2.16E+31,2.58E+41
Suit_CNY,Suit,GoldBoss,1,0.2430,1.2,3,0.9,0.58,1.145,Valentines19,TRUE,CNY,12.83,34.34,86.85,961.40,5.35E+05,2.37E+08,2.32E+13,1.81E+19,7.93E+24,1.08E+33,2.80E+43
Weapon_CNY,Weapon,AllDamage,1,0.2160,1.2,3,0.9,0.58,1.140,Valentines19,TRUE,CNY,11.70,30.53,74.40,686.85,2.97E+05,1.08E+08,7.30E+12,3.68E+18,1.06E+24,7.85E+31,9.38E+41
Weapon_Gem,Weapon,AllDamage,1,0.1800,1.0,3,0.9,0.58,1.140,Spring18,TRUE,None,10.25,25.95,62.50,572.87,2.47E+05,8.98E+07,6.08E+12,3.06E+18,8.79E+23,6.54E+31,7.82E+41
Weapon_DarkHare,Weapon,CritDamage,1,0.2700,1.0,3,0.9,0.58,1.145,Spring18,TRUE,None,13.92,37.82,96.16,1067.89,5.95E+05,2.63E+08,2.58E+13,2.02E+19,8.81E+24,1.20E+33,3.11E+43
Hat_DarkHare,Hat,MeleeHelperDamage,1,0.0990,1.0,3,0.9,0.58,1.145,Spring18,TRUE,None,7.00,15.77,37.16,393.46,2.18E+05,9.64E+07,9.47E+12,7.39E+18,3.23E+24,4.40E+32,1.14E+43
Suit_DarkHare,Suit,GoldBoss,1,0.2025,1.0,3,0.9,0.58,1.145,Spring18,TRUE,None,11.19,29.11,72.87,801.67,4.46E+05,1.97E+08,1.94E+13,1.51E+19,6.61E+24,9.00E+32,2.34E+43
Weapon_LightBunny,Weapon,TapDamage,1,0.3465,1.1,3,0.9,0.58,1.150,Spring18,TRUE,LightBunny,17.07,48.25,128.36,1718.42,1.22E+06,6.56E+08,9.34E+13,1.13E+20,7.49E+25,1.86E+34,1.05E+45
Hat_LightBunny,Hat,SpellHelperDamage,1,0.1089,1.1,3,0.9,0.58,1.145,Spring18,TRUE,LightBunny,7.40,17.04,40.58,432.51,2.40E+05,1.06E+08,1.04E+13,8.13E+18,3.55E+24,4.84E+32,1.26E+43
Suit_LightBunny,Suit,ChestAmount,1,0.4950,1.1,3,0.9,0.58,1.145,Spring18,TRUE,LightBunny,23.01,66.83,173.80,1955.30,1.09E+06,4.82E+08,4.73E+13,3.70E+19,1.61E+25,2.20E+33,5.71E+43
Aura_LightBunny,Aura,SlashBoost,1,0.0074,1.1,3,0.9,0.58,1.140,Spring18,TRUE,LightBunny,3.30,3.95,5.45,26.51,1.02E+04,3.70E+06,2.51E+11,1.26E+17,3.63E+22,2.70E+30,3.22E+40
Slash_LightBunny,Slash,PetDamage,1,0.0495,1.1,3,0.9,0.58,1.140,Spring18,TRUE,LightBunny,4.99,9.31,19.36,159.71,6.80E+04,2.47E+07,1.67E+12,8.42E+17,2.42E+23,1.80E+31,2.15E+41
Aura_StageLights,Aura,HelmetBoost,1,0.0113,1.0,3,0.9,0.58,1.145,Rockstar18,TRUE,None,3.45,4.45,6.88,47.37,2.48E+04,1.10E+07,1.08E+12,8.40E+17,3.67E+23,5.00E+31,1.30E+42
Hat_Headphones2,Hat,RangedHelperDamage,1,0.0990,1.0,3,0.9,0.58,1.145,Rockstar18,TRUE,None,7.00,15.77,37.16,393.46,2.18E+05,9.64E+07,9.47E+12,7.39E+18,3.23E+24,4.40E+32,1.14E+43
Hat_SkullCap,Hat,SpellHelperDamage,1,0.0990,1.0,3,0.9,0.58,1.145,Rockstar18,TRUE,None,7.00,15.77,37.16,393.46,2.18E+05,9.64E+07,9.47E+12,7.39E+18,3.23E+24,4.40E+32,1.14E+43
Suit_RedHoodie,Suit,GoldAll,1,0.1440,1.0,3,0.9,0.58,1.140,Rockstar18,TRUE,None,8.80,21.36,50.60,458.90,1.98E+05,7.18E+07,4.87E+12,2.45E+18,7.03E+23,5.23E+31,6.25E+41
Weapon_Keyboard,Weapon,AllDamage,1,0.1800,1.0,3,0.9,0.58,1.140,Rockstar18,TRUE,None,10.25,25.95,62.50,572.87,2.47E+05,8.98E+07,6.08E+12,3.06E+18,8.79E+23,6.54E+31,7.82E+41
Aura_Rockstar,Aura,SwordBoost,1,0.0099,1.1,3,0.9,0.58,1.140,Rockstar18,TRUE,Rockstar,3.40,4.26,6.27,34.34,1.36E+04,4.94E+06,3.34E+11,1.68E+17,4.84E+22,3.60E+30,4.30E+40
Hat_Rockstar,Hat,SpellHelperDamage,1,0.1089,1.1,3,0.9,0.58,1.145,Rockstar18,TRUE,Rockstar,7.40,17.04,40.58,432.51,2.40E+05,1.06E+08,1.04E+13,8.13E+18,3.55E+24,4.84E+32,1.26E+43
Slash_Rockstar,Slash,ClanShipDamage,1,0.0545,1.1,3,0.9,0.58,1.140,Rockstar18,TRUE,Rockstar,5.19,9.94,21.00,175.39,7.49E+04,2.71E+07,1.84E+12,9.26E+17,2.66E+23,1.98E+31,2.36E+41
Suit_Rockstar,Suit,ChestAmount,1,0.4950,1.1,3,0.9,0.58,1.145,Rockstar18,TRUE,Rockstar,23.01,66.83,173.80,1955.30,1.09E+06,4.82E+08,4.73E+13,3.70E+19,1.61E+25,2.20E+33,5.71E+43
Weapon_Rockstar,Weapon,AllHelperDamage,1,0.3465,1.1,3,0.9,0.58,1.150,Rockstar18,TRUE,Rockstar,17.07,48.25,128.36,1718.42,1.22E+06,6.56E+08,9.34E+13,1.13E+20,7.49E+25,1.86E+34,1.05E+45
Aura_SFX,Aura,SwordBoost,1,0.0090,1.0,3,0.9,0.58,1.140,SuperHero18,TRUE,None,3.36,4.15,5.98,31.49,1.24E+04,4.49E+06,3.04E+11,1.53E+17,4.40E+22,3.27E+30,3.91E+40
Slash_CartoonLightning,Slash,ClanShipDamage,1,0.0495,1.0,3,0.9,0.58,1.140,SuperHero18,TRUE,None,4.99,9.31,19.36,159.71,6.80E+04,2.47E+07,1.67E+12,8.42E+17,2.42E+23,1.80E+31,2.15E+41
Slash_CartoonSlash,Slash,ShadowCloneSkillAmount,1,0.0315,1.0,3,0.9,0.58,1.140,SuperHero18,TRUE,None,4.27,7.02,13.41,102.73,4.33E+04,1.57E+07,1.06E+12,5.36E+17,1.54E+23,1.14E+31,1.37E+41
Aura_Joker,Aura,SwordBoost,1,0.0090,1.0,3,0.9,0.58,1.140,SuperHero18,TRUE,None,3.36,4.15,5.98,31.49,1.24E+04,4.49E+06,3.04E+11,1.53E+17,4.40E+22,3.27E+30,3.91E+40
Weapon_Joker,Weapon,CritDamage,1,0.2700,1.0,3,0.9,0.58,1.145,SuperHero18,TRUE,None,13.92,37.82,96.16,1067.89,5.95E+05,2.63E+08,2.58E+13,2.02E+19,8.81E+24,1.20E+33,3.11E+43
Slash_Joker,Slash,ShadowCloneSkillAmount,1,0.0315,1.0,3,0.9,0.58,1.140,SuperHero18,TRUE,None,4.27,7.02,13.41,102.73,4.33E+04,1.57E+07,1.06E+12,5.36E+17,1.54E+23,1.14E+31,1.37E+41
Hat_Joker,Hat,SwordAttackDamage,1,0.0450,1.0,3,0.9,0.58,1.140,SuperHero18,TRUE,None,4.81,8.74,17.88,145.47,6.19E+04,2.24E+07,1.52E+12,7.66E+17,2.20E+23,1.64E+31,1.95E+41
Suit_Joker,Suit,GoldBoss,1,0.2025,1.0,3,0.9,0.58,1.145,SuperHero18,TRUE,None,11.19,29.11,72.87,801.67,4.46E+05,1.97E+08,1.94E+13,1.51E+19,6.61E+24,9.00E+32,2.34E+43
Aura_Quinn,Aura,SlashBoost,1,0.0074,1.1,3,0.9,0.58,1.140,SuperHero18,TRUE,Quinn,3.30,3.95,5.45,26.51,1.02E+04,3.70E+06,2.51E+11,1.26E+17,3.63E+22,2.70E+30,3.22E+40
Weapon_Quinn,Weapon,TapDamage,1,0.3465,1.1,3,0.9,0.58,1.150,SuperHero18,TRUE,Quinn,17.07,48.25,128.36,1718.42,1.22E+06,6.56E+08,9.34E+13,1.13E+20,7.49E+25,1.86E+34,1.05E+45
Slash_Quinn,Slash,PetDamage,1,0.0495,1.1,3,0.9,0.58,1.140,SuperHero18,TRUE,Quinn,4.99,9.31,19.36,159.71,6.80E+04,2.47E+07,1.67E+12,8.42E+17,2.42E+23,1.80E+31,2.15E+41
Hat_Quinn,Hat,RangedHelperDamage,1,0.1089,1.1,3,0.9,0.58,1.145,SuperHero18,TRUE,Quinn,7.40,17.04,40.58,432.51,2.40E+05,1.06E+08,1.04E+13,8.13E+18,3.55E+24,4.84E+32,1.26E+43
Suit_Quinn,Suit,GoldAll,1,0.1584,1.1,3,0.9,0.58,1.140,SuperHero18,TRUE,Quinn,9.38,23.19,55.36,504.49,2.18E+05,7.90E+07,5.35E+12,2.70E+18,7.74E+23,5.76E+31,6.88E+41
Aura_Surf,Aura,HelmetBoost,1,0.0124,1.1,3,0.9,0.58,1.145,Summer18,TRUE,Surf,3.50,4.60,7.27,51.81,2.73E+04,1.20E+07,1.18E+12,9.24E+17,4.04E+23,5.50E+31,1.43E+42
Hat_Surf,Hat,SpellHelperDamage,1,0.1089,1.1,3,0.9,0.58,1.145,Summer18,TRUE,Surf,7.40,17.04,40.58,432.51,2.40E+05,1.06E+08,1.04E+13,8.13E+18,3.55E+24,4.84E+32,1.26E+43
Slash_Surf,Slash,ClanShipDamage,1,0.0545,1.1,3,0.9,0.58,1.140,Summer18,TRUE,Surf,5.19,9.94,21.00,175.39,7.49E+04,2.71E+07,1.84E+12,9.26E+17,2.66E+23,1.98E+31,2.36E+41
Suit_Surf,Suit,ChestAmount,1,0.4950,1.1,3,0.9,0.58,1.145,Summer18,TRUE,Surf,23.01,66.83,173.80,1955.30,1.09E+06,4.82E+08,4.73E+13,3.70E+19,1.61E+25,2.20E+33,5.71E+43
Weapon_Surf,Weapon,AllHelperDamage,1,0.3465,1.1,3,0.9,0.58,1.150,Summer18,TRUE,Surf,17.07,48.25,128.36,1718.42,1.22E+06,6.56E+08,9.34E+13,1.13E+20,7.49E+25,1.86E+34,1.05E+45
Hat_FireTribe,Hat,None,4,1.0000,1.0,1,1,1,1,None,FALSE,FireTribe,56.40,191.14,445.55,1165.12,3.20E+03,5.84E+03,1.25E+04,2.29E+04,3.53E+04,5.68E+04,9.04E+04
Hat_BlueFlame,Hat,None,4,1.0000,1.0,1,1,1,1,None,FALSE,BlueFlame,56.40,191.14,445.55,1165.12,3.20E+03,5.84E+03,1.25E+04,2.29E+04,3.53E+04,5.68E+04,9.04E+04
Slash_FireTribe,Slash,None,4,1.0000,1.0,1,1,1,1,None,FALSE,FireTribe,56.40,191.14,445.55,1165.12,3.20E+03,5.84E+03,1.25E+04,2.29E+04,3.53E+04,5.68E+04,9.04E+04
Slash_BlueFlame,Slash,None,4,1.0000,1.0,1,1,1,1,None,FALSE,BlueFlame,56.40,191.14,445.55,1165.12,3.20E+03,5.84E+03,1.25E+04,2.29E+04,3.53E+04,5.68E+04,9.04E+04
Suit_FireTribe,Suit,None,4,1.0000,1.0,1,1,1,1,None,FALSE,FireTribe,56.40,191.14,445.55,1165.12,3.20E+03,5.84E+03,1.25E+04,2.29E+04,3.53E+04,5.68E+04,9.04E+04
Suit_BlueFlame,Suit,None,4,1.0000,1.0,1,1,1,1,None,FALSE,BlueFlame,56.40,191.14,445.55,1165.12,3.20E+03,5.84E+03,1.25E+04,2.29E+04,3.53E+04,5.68E+04,9.04E+04
Weapon_FireTribe,Weapon,None,4,1.0000,1.0,1,1,1,1,None,FALSE,FireTribe,56.40,191.14,445.55,1165.12,3.20E+03,5.84E+03,1.25E+04,2.29E+04,3.53E+04,5.68E+04,9.04E+04
Weapon_BlueFlame,Weapon,None,4,1.0000,1.0,1,1,1,1,None,FALSE,BlueFlame,56.40,191.14,445.55,1165.12,3.20E+03,5.84E+03,1.25E+04,2.29E+04,3.53E+04,5.68E+04,9.04E+04
Aura_FireTribe,Aura,None,4,1.0000,1.0,1,1,1,1,None,FALSE,FireTribe,56.40,191.14,445.55,1165.12,3.20E+03,5.84E+03,1.25E+04,2.29E+04,3.53E+04,5.68E+04,9.04E+04
Aura_BlueFlame,Aura,None,4,1.0000,1.0,1,1,1,1,None,FALSE,BlueFlame,56.40,191.14,445.55,1165.12,3.20E+03,5.84E+03,1.25E+04,2.29E+04,3.53E+04,5.68E+04,9.04E+04
Hat_Snowboard,Hat,None,1,1.0000,1.0,1,1,1,1,None,TRUE,Snowboard,56.40,191.14,445.55,1165.12,3.20E+03,5.84E+03,1.25E+04,2.29E+04,3.53E+04,5.68E+04,9.04E+04
Suit_Snowboard,Suit,None,1,1.0000,1.0,1,1,1,1,None,TRUE,Snowboard,56.40,191.14,445.55,1165.12,3.20E+03,5.84E+03,1.25E+04,2.29E+04,3.53E+04,5.68E+04,9.04E+04
Weapon_Snowboard,Weapon,None,1,1.0000,1.0,1,1,1,1,None,TRUE,Snowboard,56.40,191.14,445.55,1165.12,3.20E+03,5.84E+03,1.25E+04,2.29E+04,3.53E+04,5.68E+04,9.04E+04
Aura_Snowboard,Aura,None,1,1.0000,1.0,1,1,1,1,None,TRUE,Snowboard,56.40,191.14,445.55,1165.12,3.20E+03,5.84E+03,1.25E+04,2.29E+04,3.53E+04,5.68E+04,9.04E+04
Slash_Snowboard,Slash,None,1,1.0000,1.0,1,1,1,1,None,TRUE,Snowboard,56.40,191.14,445.55,1165.12,3.20E+03,5.84E+03,1.25E+04,2.29E+04,3.53E+04,5.68E+04,9.04E+04
Aura_Musketeer,Aura,SlashBoost,1,0.0081,1.2,3,0.9,0.58,1.140,None,TRUE,None,3.33,4.03,5.68,28.64,1.11E+04,4.04E+06,2.74E+11,1.38E+17,3.96E+22,2.94E+30,3.52E+40
Hat_Musketeer,Hat,SpellHelperDamage,1,0.1188,1.2,3,0.9,0.58,1.145,None,TRUE,None,7.80,18.32,43.99,471.55,2.62E+05,1.16E+08,1.14E+13,8.87E+18,3.88E+24,5.28E+32,1.37E+43
Slash_Musketeer,Slash,ClanShipDamage,1,0.0594,1.2,3,0.9,0.58,1.140,None,TRUE,None,5.39,10.57,22.64,191.06,8.17E+04,2.96E+07,2.01E+12,1.01E+18,2.90E+23,2.16E+31,2.58E+41
Suit_Musketeer,Suit,GoldBoss,1,0.2430,1.2,3,0.9,0.58,1.145,None,TRUE,None,12.83,34.34,86.85,961.40,5.35E+05,2.37E+08,2.32E+13,1.81E+19,7.93E+24,1.08E+33,2.80E+43
Weapon_Musketeer,Weapon,AllDamage,1,0.2160,1.2,3,0.9,0.58,1.140,None,TRUE,None,11.70,30.53,74.40,686.85,2.97E+05,1.08E+08,7.30E+12,3.68E+18,1.06E+24,7.85E+31,9.38E+41
Aura_Druid,Aura,SlashBoost,1,0.0081,1.2,3,0.9,0.58,1.140,None,TRUE,None,3.33,4.03,5.68,28.64,1.11E+04,4.04E+06,2.74E+11,1.38E+17,3.96E+22,2.94E+30,3.52E+40
Hat_Druid,Hat,SpellHelperDamage,1,0.1188,1.2,3,0.9,0.58,1.145,None,TRUE,None,7.80,18.32,43.99,471.55,2.62E+05,1.16E+08,1.14E+13,8.87E+18,3.88E+24,5.28E+32,1.37E+43
Slash_Druid,Slash,ClanShipDamage,1,0.0594,1.2,3,0.9,0.58,1.140,None,TRUE,None,5.39,10.57,22.64,191.06,8.17E+04,2.96E+07,2.01E+12,1.01E+18,2.90E+23,2.16E+31,2.58E+41
Suit_Druid,Suit,GoldBoss,1,0.2430,1.2,3,0.9,0.58,1.145,None,TRUE,None,12.83,34.34,86.85,961.40,5.35E+05,2.37E+08,2.32E+13,1.81E+19,7.93E+24,1.08E+33,2.80E+43
Weapon_Druid,Weapon,AllDamage,1,0.2160,1.2,3,0.9,0.58,1.140,None,TRUE,None,11.70,30.53,74.40,686.85,2.97E+05,1.08E+08,7.30E+12,3.68E+18,1.06E+24,7.85E+31,9.38E+41
Aura_DarkAngel,Aura,SlashBoost,1,0.0081,1.2,3,0.9,0.58,1.140,None,TRUE,None,3.33,4.03,5.68,28.64,1.11E+04,4.04E+06,2.74E+11,1.38E+17,3.96E+22,2.94E+30,3.52E+40
Hat_DarkAngel,Hat,SpellHelperDamage,1,0.1188,1.2,3,0.9,0.58,1.145,None,TRUE,None,7.80,18.32,43.99,471.55,2.62E+05,1.16E+08,1.14E+13,8.87E+18,3.88E+24,5.28E+32,1.37E+43
Slash_DarkAngel,Slash,ClanShipDamage,1,0.0594,1.2,3,0.9,0.58,1.140,None,TRUE,None,5.39,10.57,22.64,191.06,8.17E+04,2.96E+07,2.01E+12,1.01E+18,2.90E+23,2.16E+31,2.58E+41
Suit_DarkAngel,Suit,GoldBoss,1,0.2430,1.2,3,0.9,0.58,1.145,None,TRUE,None,12.83,34.34,86.85,961.40,5.35E+05,2.37E+08,2.32E+13,1.81E+19,7.93E+24,1.08E+33,2.80E+43
Weapon_DarkAngel,Weapon,AllDamage,1,0.2160,1.2,3,0.9,0.58,1.140,None,TRUE,None,11.70,30.53,74.40,686.85,2.97E+05,1.08E+08,7.30E+12,3.68E+18,1.06E+24,7.85E+31,9.38E+41
Hat_Sports,Hat,None,1,1.0000,1.0,1,1,1,1,None,TRUE,Sports,56.40,191.14,445.55,1165.12,3.20E+03,5.84E+03,1.25E+04,2.29E+04,3.53E+04,5.68E+04,9.04E+04
Suit_Sports,Suit,None,1,1.0000,1.0,1,1,1,1,None,TRUE,Sports,56.40,191.14,445.55,1165.12,3.20E+03,5.84E+03,1.25E+04,2.29E+04,3.53E+04,5.68E+04,9.04E+04
Weapon_Sports,Weapon,None,1,1.0000,1.0,1,1,1,1,None,TRUE,Sports,56.40,191.14,445.55,1165.12,3.20E+03,5.84E+03,1.25E+04,2.29E+04,3.53E+04,5.68E+04,9.04E+04
Aura_Sports,Aura,None,1,1.0000,1.0,1,1,1,1,None,TRUE,Sports,56.40,191.14,445.55,1165.12,3.20E+03,5.84E+03,1.25E+04,2.29E+04,3.53E+04,5.68E+04,9.04E+04
Slash_Sports,Slash,None,1,1.0000,1.0,1,1,1,1,None,TRUE,Sports,56.40,191.14,445.55,1165.12,3.20E+03,5.84E+03,1.25E+04,2.29E+04,3.53E+04,5.68E+04,9.04E+04
Weapon_Basketball,Weapon,None,1,1.0000,1.0,1,1,1,1,None,TRUE,Sports,56.40,191.14,445.55,1165.12,3.20E+03,5.84E+03,1.25E+04,2.29E+04,3.53E+04,5.68E+04,9.04E+04
Weapon_Baseball,Weapon,None,1,1.0000,1.0,1,1,1,1,None,TRUE,Sports,56.40,191.14,445.55,1165.12,3.20E+03,5.84E+03,1.25E+04,2.29E+04,3.53E+04,5.68E+04,9.04E+04
Weapon_Football,Weapon,None,1,1.0000,1.0,1,1,1,1,None,TRUE,Sports,56.40,191.14,445.55,1165.12,3.20E+03,5.84E+03,1.25E+04,2.29E+04,3.53E+04,5.68E+04,9.04E+04
Weapon_Soccer,Weapon,None,1,1.0000,1.0,1,1,1,1,None,TRUE,Sports,56.40,191.14,445.55,1165.12,3.20E+03,5.84E+03,1.25E+04,2.29E+04,3.53E+04,5.68E+04,9.04E+04
Weapon_Finger,Weapon,None,1,1.0000,1.0,1,1,1,1,None,TRUE,Sports,56.40,191.14,445.55,1165.12,3.20E+03,5.84E+03,1.25E+04,2.29E+04,3.53E+04,5.68E+04,9.04E+04